fecha,high,low,url_origen
2024-01-01,21,10,https://www.accuweather.com/es/co/bogota/107487/january-weather/107487?year=2024
2024-01-02,31,12,https://www.accuweather.com/es/co/bogota/107487/january-weather/107487?year=2024
2024-01-03,19,10,https://www.accuweather.com/es/co/bogota/107487/january-weather/107487?year=2024
2024-01-04,20,9,https://www.accuweather.com/es/co/bogota/107487/january-weather/107487?year=2024
2024-01-05,20,10,https://www.accuweather.com/es/co/bogota/107487/january-weather/107487?year=2024
2024-01-06,20,8,https://www.accuweather.com/es/co/bogota/107487/january-weather/107487?year=2024
2024-01-07,17,8,https://www.accuweather.com/es/co/bogota/107487/january-weather/107487?year=2024
2024-01-08,19,11,https://www.accuweather.com/es/co/bogota/107487/january-weather/107487?year=2024
2024-01-09,21,10,https://www.accuweather.com/es/co/bogota/107487/january-weather/107487?year=2024
2024-01-10,20,10,https://www.accuweather.com/es/co/bogota/107487/january-weather/107487?year=2024
2024-01-11,20,10,https://www.accuweather.com/es/co/bogota/107487/january-weather/107487?year=2024
2024-01-12,21,11,https://www.accuweather.com/es/co/bogota/107487/january-weather/107487?year=2024
2024-01-13,20,10,https://www.accuweather.com/es/co/bogota/107487/january-weather/107487?year=2024
2024-01-14,20,10,https://www.accuweather.com/es/co/bogota/107487/january-weather/107487?year=2024
2024-01-15,18,9,https://www.accuweather.com/es/co/bogota/107487/january-weather/107487?year=2024
2024-01-16,18,7,https://www.accuweather.com/es/co/bogota/107487/january-weather/107487?year=2024
2024-01-17,19,7,https://www.accuweather.com/es/co/bogota/107487/january-weather/107487?year=2024
2024-01-18,19,8,https://www.accuweather.com/es/co/bogota/107487/january-weather/107487?year=2024
2024-01-19,18,7,https://www.accuweather.com/es/co/bogota/107487/january-weather/107487?year=2024
2024-01-20,19,8,https://www.accuweather.com/es/co/bogota/107487/january-weather/107487?year=2024
2024-01-21,19,8,https://www.accuweather.com/es/co/bogota/107487/january-weather/107487?year=2024
2024-01-22,19,8,https://www.accuweather.com/es/co/bogota/107487/january-weather/107487?year=2024
2024-01-23,18,8,https://www.accuweather.com/es/co/bogota/107487/january-weather/107487?year=2024
2024-01-24,17,8,https://www.accuweather.com/es/co/bogota/107487/january-weather/107487?year=2024
2024-01-25,19,8,https://www.accuweather.com/es/co/bogota/107487/january-weather/107487?year=2024
2024-01-26,19,8,https://www.accuweather.com/es/co/bogota/107487/january-weather/107487?year=2024
2024-01-27,18,8,https://www.accuweather.com/es/co/bogota/107487/january-weather/107487?year=2024
2024-01-28,17,8,https://www.accuweather.com/es/co/bogota/107487/january-weather/107487?year=2024
2024-01-29,17,9,https://www.accuweather.com/es/co/bogota/107487/january-weather/107487?year=2024
2024-01-30,18,8,https://www.accuweather.com/es/co/bogota/107487/january-weather/107487?year=2024
2024-02-01,21,10,https://www.accuweather.com/es/co/bogota/107487/february-weather/107487?year=2024
2024-02-02,31,12,https://www.accuweather.com/es/co/bogota/107487/february-weather/107487?year=2024
2024-02-03,19,10,https://www.accuweather.com/es/co/bogota/107487/february-weather/107487?year=2024
2024-02-04,20,9,https://www.accuweather.com/es/co/bogota/107487/february-weather/107487?year=2024
2024-02-05,20,10,https://www.accuweather.com/es/co/bogota/107487/february-weather/107487?year=2024
2024-02-06,20,8,https://www.accuweather.com/es/co/bogota/107487/february-weather/107487?year=2024
2024-02-07,17,8,https://www.accuweather.com/es/co/bogota/107487/february-weather/107487?year=2024
2024-02-08,19,11,https://www.accuweather.com/es/co/bogota/107487/february-weather/107487?year=2024
2024-02-09,21,10,https://www.accuweather.com/es/co/bogota/107487/february-weather/107487?year=2024
2024-02-10,20,10,https://www.accuweather.com/es/co/bogota/107487/february-weather/107487?year=2024
2024-02-11,20,10,https://www.accuweather.com/es/co/bogota/107487/february-weather/107487?year=2024
2024-02-12,21,11,https://www.accuweather.com/es/co/bogota/107487/february-weather/107487?year=2024
2024-02-13,20,10,https://www.accuweather.com/es/co/bogota/107487/february-weather/107487?year=2024
2024-02-14,20,10,https://www.accuweather.com/es/co/bogota/107487/february-weather/107487?year=2024
2024-02-15,18,9,https://www.accuweather.com/es/co/bogota/107487/february-weather/107487?year=2024
2024-02-16,18,7,https://www.accuweather.com/es/co/bogota/107487/february-weather/107487?year=2024
2024-02-17,19,7,https://www.accuweather.com/es/co/bogota/107487/february-weather/107487?year=2024
2024-02-18,19,8,https://www.accuweather.com/es/co/bogota/107487/february-weather/107487?year=2024
2024-02-19,18,7,https://www.accuweather.com/es/co/bogota/107487/february-weather/107487?year=2024
2024-02-20,19,8,https://www.accuweather.com/es/co/bogota/107487/february-weather/107487?year=2024
2024-02-21,19,8,https://www.accuweather.com/es/co/bogota/107487/february-weather/107487?year=2024
2024-02-22,19,8,https://www.accuweather.com/es/co/bogota/107487/february-weather/107487?year=2024
2024-02-23,18,8,https://www.accuweather.com/es/co/bogota/107487/february-weather/107487?year=2024
2024-02-24,17,8,https://www.accuweather.com/es/co/bogota/107487/february-weather/107487?year=2024
2024-02-25,19,8,https://www.accuweather.com/es/co/bogota/107487/february-weather/107487?year=2024
2024-02-26,19,8,https://www.accuweather.com/es/co/bogota/107487/february-weather/107487?year=2024
2024-02-27,18,8,https://www.accuweather.com/es/co/bogota/107487/february-weather/107487?year=2024
2024-02-28,17,8,https://www.accuweather.com/es/co/bogota/107487/february-weather/107487?year=2024
2024-02-29,17,9,https://www.accuweather.com/es/co/bogota/107487/february-weather/107487?year=2024
2024-03-01,21,10,https://www.accuweather.com/es/co/bogota/107487/march-weather/107487?year=2024
2024-03-02,31,12,https://www.accuweather.com/es/co/bogota/107487/march-weather/107487?year=2024
2024-03-03,19,10,https://www.accuweather.com/es/co/bogota/107487/march-weather/107487?year=2024
2024-03-04,20,9,https://www.accuweather.com/es/co/bogota/107487/march-weather/107487?year=2024
2024-03-05,20,10,https://www.accuweather.com/es/co/bogota/107487/march-weather/107487?year=2024
2024-03-06,20,8,https://www.accuweather.com/es/co/bogota/107487/march-weather/107487?year=2024
2024-03-07,17,8,https://www.accuweather.com/es/co/bogota/107487/march-weather/107487?year=2024
2024-03-08,19,11,https://www.accuweather.com/es/co/bogota/107487/march-weather/107487?year=2024
2024-03-09,21,10,https://www.accuweather.com/es/co/bogota/107487/march-weather/107487?year=2024
2024-03-10,20,10,https://www.accuweather.com/es/co/bogota/107487/march-weather/107487?year=2024
2024-03-11,20,10,https://www.accuweather.com/es/co/bogota/107487/march-weather/107487?year=2024
2024-03-12,21,11,https://www.accuweather.com/es/co/bogota/107487/march-weather/107487?year=2024
2024-03-13,20,10,https://www.accuweather.com/es/co/bogota/107487/march-weather/107487?year=2024
2024-03-14,20,10,https://www.accuweather.com/es/co/bogota/107487/march-weather/107487?year=2024
2024-03-15,18,9,https://www.accuweather.com/es/co/bogota/107487/march-weather/107487?year=2024
2024-03-16,18,7,https://www.accuweather.com/es/co/bogota/107487/march-weather/107487?year=2024
2024-03-17,19,7,https://www.accuweather.com/es/co/bogota/107487/march-weather/107487?year=2024
2024-03-18,19,8,https://www.accuweather.com/es/co/bogota/107487/march-weather/107487?year=2024
2024-03-19,18,7,https://www.accuweather.com/es/co/bogota/107487/march-weather/107487?year=2024
2024-03-20,19,8,https://www.accuweather.com/es/co/bogota/107487/march-weather/107487?year=2024
2024-03-21,19,8,https://www.accuweather.com/es/co/bogota/107487/march-weather/107487?year=2024
2024-03-22,19,8,https://www.accuweather.com/es/co/bogota/107487/march-weather/107487?year=2024
2024-03-23,18,8,https://www.accuweather.com/es/co/bogota/107487/march-weather/107487?year=2024
2024-03-24,17,8,https://www.accuweather.com/es/co/bogota/107487/march-weather/107487?year=2024
2024-03-25,19,8,https://www.accuweather.com/es/co/bogota/107487/march-weather/107487?year=2024
2024-03-26,19,8,https://www.accuweather.com/es/co/bogota/107487/march-weather/107487?year=2024
2024-03-27,18,8,https://www.accuweather.com/es/co/bogota/107487/march-weather/107487?year=2024
2024-03-28,17,8,https://www.accuweather.com/es/co/bogota/107487/march-weather/107487?year=2024
2024-03-29,17,9,https://www.accuweather.com/es/co/bogota/107487/march-weather/107487?year=2024
2024-03-30,18,8,https://www.accuweather.com/es/co/bogota/107487/march-weather/107487?year=2024
2024-04-01,21,10,https://www.accuweather.com/es/co/bogota/107487/april-weather/107487?year=2024
2024-04-02,31,12,https://www.accuweather.com/es/co/bogota/107487/april-weather/107487?year=2024
2024-04-03,19,10,https://www.accuweather.com/es/co/bogota/107487/april-weather/107487?year=2024
2024-04-04,20,9,https://www.accuweather.com/es/co/bogota/107487/april-weather/107487?year=2024
2024-04-05,20,10,https://www.accuweather.com/es/co/bogota/107487/april-weather/107487?year=2024
2024-04-06,20,8,https://www.accuweather.com/es/co/bogota/107487/april-weather/107487?year=2024
2024-04-07,17,8,https://www.accuweather.com/es/co/bogota/107487/april-weather/107487?year=2024
2024-04-08,19,11,https://www.accuweather.com/es/co/bogota/107487/april-weather/107487?year=2024
2024-04-09,21,10,https://www.accuweather.com/es/co/bogota/107487/april-weather/107487?year=2024
2024-04-10,20,10,https://www.accuweather.com/es/co/bogota/107487/april-weather/107487?year=2024
2024-04-11,20,10,https://www.accuweather.com/es/co/bogota/107487/april-weather/107487?year=2024
2024-04-12,21,11,https://www.accuweather.com/es/co/bogota/107487/april-weather/107487?year=2024
2024-04-13,20,10,https://www.accuweather.com/es/co/bogota/107487/april-weather/107487?year=2024
2024-04-14,20,10,https://www.accuweather.com/es/co/bogota/107487/april-weather/107487?year=2024
2024-04-15,18,9,https://www.accuweather.com/es/co/bogota/107487/april-weather/107487?year=2024
2024-04-16,18,7,https://www.accuweather.com/es/co/bogota/107487/april-weather/107487?year=2024
2024-04-17,19,7,https://www.accuweather.com/es/co/bogota/107487/april-weather/107487?year=2024
2024-04-18,19,8,https://www.accuweather.com/es/co/bogota/107487/april-weather/107487?year=2024
2024-04-19,18,7,https://www.accuweather.com/es/co/bogota/107487/april-weather/107487?year=2024
2024-04-20,19,8,https://www.accuweather.com/es/co/bogota/107487/april-weather/107487?year=2024
2024-04-21,19,8,https://www.accuweather.com/es/co/bogota/107487/april-weather/107487?year=2024
2024-04-22,19,8,https://www.accuweather.com/es/co/bogota/107487/april-weather/107487?year=2024
2024-04-23,18,8,https://www.accuweather.com/es/co/bogota/107487/april-weather/107487?year=2024
2024-04-24,17,8,https://www.accuweather.com/es/co/bogota/107487/april-weather/107487?year=2024
2024-04-25,19,8,https://www.accuweather.com/es/co/bogota/107487/april-weather/107487?year=2024
2024-04-26,19,8,https://www.accuweather.com/es/co/bogota/107487/april-weather/107487?year=2024
2024-04-27,18,8,https://www.accuweather.com/es/co/bogota/107487/april-weather/107487?year=2024
2024-04-28,17,8,https://www.accuweather.com/es/co/bogota/107487/april-weather/107487?year=2024
2024-04-29,17,9,https://www.accuweather.com/es/co/bogota/107487/april-weather/107487?year=2024
2024-04-30,18,8,https://www.accuweather.com/es/co/bogota/107487/april-weather/107487?year=2024
2024-05-01,21,10,https://www.accuweather.com/es/co/bogota/107487/may-weather/107487?year=2024
2024-05-02,31,12,https://www.accuweather.com/es/co/bogota/107487/may-weather/107487?year=2024
2024-05-03,19,10,https://www.accuweather.com/es/co/bogota/107487/may-weather/107487?year=2024
2024-05-04,20,9,https://www.accuweather.com/es/co/bogota/107487/may-weather/107487?year=2024
2024-05-05,20,10,https://www.accuweather.com/es/co/bogota/107487/may-weather/107487?year=2024
2024-05-06,20,8,https://www.accuweather.com/es/co/bogota/107487/may-weather/107487?year=2024
2024-05-07,17,8,https://www.accuweather.com/es/co/bogota/107487/may-weather/107487?year=2024
2024-05-08,19,11,https://www.accuweather.com/es/co/bogota/107487/may-weather/107487?year=2024
2024-05-09,21,10,https://www.accuweather.com/es/co/bogota/107487/may-weather/107487?year=2024
2024-05-10,20,10,https://www.accuweather.com/es/co/bogota/107487/may-weather/107487?year=2024
2024-05-11,20,10,https://www.accuweather.com/es/co/bogota/107487/may-weather/107487?year=2024
2024-05-12,21,11,https://www.accuweather.com/es/co/bogota/107487/may-weather/107487?year=2024
2024-05-13,20,10,https://www.accuweather.com/es/co/bogota/107487/may-weather/107487?year=2024
2024-05-14,20,10,https://www.accuweather.com/es/co/bogota/107487/may-weather/107487?year=2024
2024-05-15,18,9,https://www.accuweather.com/es/co/bogota/107487/may-weather/107487?year=2024
2024-05-16,18,7,https://www.accuweather.com/es/co/bogota/107487/may-weather/107487?year=2024
2024-05-17,19,7,https://www.accuweather.com/es/co/bogota/107487/may-weather/107487?year=2024
2024-05-18,19,8,https://www.accuweather.com/es/co/bogota/107487/may-weather/107487?year=2024
2024-05-19,18,7,https://www.accuweather.com/es/co/bogota/107487/may-weather/107487?year=2024
2024-05-20,19,8,https://www.accuweather.com/es/co/bogota/107487/may-weather/107487?year=2024
2024-05-21,19,8,https://www.accuweather.com/es/co/bogota/107487/may-weather/107487?year=2024
2024-05-22,19,8,https://www.accuweather.com/es/co/bogota/107487/may-weather/107487?year=2024
2024-05-23,18,8,https://www.accuweather.com/es/co/bogota/107487/may-weather/107487?year=2024
2024-05-24,17,8,https://www.accuweather.com/es/co/bogota/107487/may-weather/107487?year=2024
2024-05-25,19,8,https://www.accuweather.com/es/co/bogota/107487/may-weather/107487?year=2024
2024-05-26,19,8,https://www.accuweather.com/es/co/bogota/107487/may-weather/107487?year=2024
2024-05-27,18,8,https://www.accuweather.com/es/co/bogota/107487/may-weather/107487?year=2024
2024-05-28,17,8,https://www.accuweather.com/es/co/bogota/107487/may-weather/107487?year=2024
2024-05-29,17,9,https://www.accuweather.com/es/co/bogota/107487/may-weather/107487?year=2024
2024-05-30,18,8,https://www.accuweather.com/es/co/bogota/107487/may-weather/107487?year=2024
2024-06-01,21,10,https://www.accuweather.com/es/co/bogota/107487/june-weather/107487?year=2024
2024-06-02,31,12,https://www.accuweather.com/es/co/bogota/107487/june-weather/107487?year=2024
2024-06-03,19,10,https://www.accuweather.com/es/co/bogota/107487/june-weather/107487?year=2024
2024-06-04,20,9,https://www.accuweather.com/es/co/bogota/107487/june-weather/107487?year=2024
2024-06-05,20,10,https://www.accuweather.com/es/co/bogota/107487/june-weather/107487?year=2024
2024-06-06,20,8,https://www.accuweather.com/es/co/bogota/107487/june-weather/107487?year=2024
2024-06-07,17,8,https://www.accuweather.com/es/co/bogota/107487/june-weather/107487?year=2024
2024-06-08,19,11,https://www.accuweather.com/es/co/bogota/107487/june-weather/107487?year=2024
2024-06-09,21,10,https://www.accuweather.com/es/co/bogota/107487/june-weather/107487?year=2024
2024-06-10,20,10,https://www.accuweather.com/es/co/bogota/107487/june-weather/107487?year=2024
2024-06-11,20,10,https://www.accuweather.com/es/co/bogota/107487/june-weather/107487?year=2024
2024-06-12,21,11,https://www.accuweather.com/es/co/bogota/107487/june-weather/107487?year=2024
2024-06-13,20,10,https://www.accuweather.com/es/co/bogota/107487/june-weather/107487?year=2024
2024-06-14,20,10,https://www.accuweather.com/es/co/bogota/107487/june-weather/107487?year=2024
2024-06-15,18,9,https://www.accuweather.com/es/co/bogota/107487/june-weather/107487?year=2024
2024-06-16,18,7,https://www.accuweather.com/es/co/bogota/107487/june-weather/107487?year=2024
2024-06-17,19,7,https://www.accuweather.com/es/co/bogota/107487/june-weather/107487?year=2024
2024-06-18,19,8,https://www.accuweather.com/es/co/bogota/107487/june-weather/107487?year=2024
2024-06-19,18,7,https://www.accuweather.com/es/co/bogota/107487/june-weather/107487?year=2024
2024-06-20,19,8,https://www.accuweather.com/es/co/bogota/107487/june-weather/107487?year=2024
2024-06-21,19,8,https://www.accuweather.com/es/co/bogota/107487/june-weather/107487?year=2024
2024-06-22,19,8,https://www.accuweather.com/es/co/bogota/107487/june-weather/107487?year=2024
2024-06-23,18,8,https://www.accuweather.com/es/co/bogota/107487/june-weather/107487?year=2024
2024-06-24,17,8,https://www.accuweather.com/es/co/bogota/107487/june-weather/107487?year=2024
2024-06-25,19,8,https://www.accuweather.com/es/co/bogota/107487/june-weather/107487?year=2024
2024-06-26,19,8,https://www.accuweather.com/es/co/bogota/107487/june-weather/107487?year=2024
2024-06-27,18,8,https://www.accuweather.com/es/co/bogota/107487/june-weather/107487?year=2024
2024-06-28,17,8,https://www.accuweather.com/es/co/bogota/107487/june-weather/107487?year=2024
2024-06-29,17,9,https://www.accuweather.com/es/co/bogota/107487/june-weather/107487?year=2024
2024-06-30,18,8,https://www.accuweather.com/es/co/bogota/107487/june-weather/107487?year=2024
2024-07-01,21,10,https://www.accuweather.com/es/co/bogota/107487/july-weather/107487?year=2024
2024-07-02,31,12,https://www.accuweather.com/es/co/bogota/107487/july-weather/107487?year=2024
2024-07-03,19,10,https://www.accuweather.com/es/co/bogota/107487/july-weather/107487?year=2024
2024-07-04,20,9,https://www.accuweather.com/es/co/bogota/107487/july-weather/107487?year=2024
2024-07-05,20,10,https://www.accuweather.com/es/co/bogota/107487/july-weather/107487?year=2024
2024-07-06,20,8,https://www.accuweather.com/es/co/bogota/107487/july-weather/107487?year=2024
2024-07-07,17,8,https://www.accuweather.com/es/co/bogota/107487/july-weather/107487?year=2024
2024-07-08,19,11,https://www.accuweather.com/es/co/bogota/107487/july-weather/107487?year=2024
2024-07-09,21,10,https://www.accuweather.com/es/co/bogota/107487/july-weather/107487?year=2024
2024-07-10,20,10,https://www.accuweather.com/es/co/bogota/107487/july-weather/107487?year=2024
2024-07-11,20,10,https://www.accuweather.com/es/co/bogota/107487/july-weather/107487?year=2024
2024-07-12,21,11,https://www.accuweather.com/es/co/bogota/107487/july-weather/107487?year=2024
2024-07-13,20,10,https://www.accuweather.com/es/co/bogota/107487/july-weather/107487?year=2024
2024-07-14,20,10,https://www.accuweather.com/es/co/bogota/107487/july-weather/107487?year=2024
2024-07-15,18,9,https://www.accuweather.com/es/co/bogota/107487/july-weather/107487?year=2024
2024-07-16,18,7,https://www.accuweather.com/es/co/bogota/107487/july-weather/107487?year=2024
2024-07-17,19,7,https://www.accuweather.com/es/co/bogota/107487/july-weather/107487?year=2024
2024-07-18,19,8,https://www.accuweather.com/es/co/bogota/107487/july-weather/107487?year=2024
2024-07-19,18,7,https://www.accuweather.com/es/co/bogota/107487/july-weather/107487?year=2024
2024-07-20,19,8,https://www.accuweather.com/es/co/bogota/107487/july-weather/107487?year=2024
2024-07-21,19,8,https://www.accuweather.com/es/co/bogota/107487/july-weather/107487?year=2024
2024-07-22,19,8,https://www.accuweather.com/es/co/bogota/107487/july-weather/107487?year=2024
2024-07-23,18,8,https://www.accuweather.com/es/co/bogota/107487/july-weather/107487?year=2024
2024-07-24,17,8,https://www.accuweather.com/es/co/bogota/107487/july-weather/107487?year=2024
2024-07-25,19,8,https://www.accuweather.com/es/co/bogota/107487/july-weather/107487?year=2024
2024-07-26,19,8,https://www.accuweather.com/es/co/bogota/107487/july-weather/107487?year=2024
2024-07-27,18,8,https://www.accuweather.com/es/co/bogota/107487/july-weather/107487?year=2024
2024-07-28,17,8,https://www.accuweather.com/es/co/bogota/107487/july-weather/107487?year=2024
2024-07-29,17,9,https://www.accuweather.com/es/co/bogota/107487/july-weather/107487?year=2024
2024-07-30,18,8,https://www.accuweather.com/es/co/bogota/107487/july-weather/107487?year=2024
2024-08-01,21,10,https://www.accuweather.com/es/co/bogota/107487/august-weather/107487?year=2024
2024-08-02,31,12,https://www.accuweather.com/es/co/bogota/107487/august-weather/107487?year=2024
2024-08-03,19,10,https://www.accuweather.com/es/co/bogota/107487/august-weather/107487?year=2024
2024-08-04,20,9,https://www.accuweather.com/es/co/bogota/107487/august-weather/107487?year=2024
2024-08-05,20,10,https://www.accuweather.com/es/co/bogota/107487/august-weather/107487?year=2024
2024-08-06,20,8,https://www.accuweather.com/es/co/bogota/107487/august-weather/107487?year=2024
2024-08-07,17,8,https://www.accuweather.com/es/co/bogota/107487/august-weather/107487?year=2024
2024-08-08,19,11,https://www.accuweather.com/es/co/bogota/107487/august-weather/107487?year=2024
2024-08-09,21,10,https://www.accuweather.com/es/co/bogota/107487/august-weather/107487?year=2024
2024-08-10,20,10,https://www.accuweather.com/es/co/bogota/107487/august-weather/107487?year=2024
2024-08-11,20,10,https://www.accuweather.com/es/co/bogota/107487/august-weather/107487?year=2024
2024-08-12,21,11,https://www.accuweather.com/es/co/bogota/107487/august-weather/107487?year=2024
2024-08-13,20,10,https://www.accuweather.com/es/co/bogota/107487/august-weather/107487?year=2024
2024-08-14,20,10,https://www.accuweather.com/es/co/bogota/107487/august-weather/107487?year=2024
2024-08-15,18,9,https://www.accuweather.com/es/co/bogota/107487/august-weather/107487?year=2024
2024-08-16,18,7,https://www.accuweather.com/es/co/bogota/107487/august-weather/107487?year=2024
2024-08-17,19,7,https://www.accuweather.com/es/co/bogota/107487/august-weather/107487?year=2024
2024-08-18,19,8,https://www.accuweather.com/es/co/bogota/107487/august-weather/107487?year=2024
2024-08-19,18,7,https://www.accuweather.com/es/co/bogota/107487/august-weather/107487?year=2024
2024-08-20,19,8,https://www.accuweather.com/es/co/bogota/107487/august-weather/107487?year=2024
2024-08-21,19,8,https://www.accuweather.com/es/co/bogota/107487/august-weather/107487?year=2024
2024-08-22,19,8,https://www.accuweather.com/es/co/bogota/107487/august-weather/107487?year=2024
2024-08-23,18,8,https://www.accuweather.com/es/co/bogota/107487/august-weather/107487?year=2024
2024-08-24,17,8,https://www.accuweather.com/es/co/bogota/107487/august-weather/107487?year=2024
2024-08-25,19,8,https://www.accuweather.com/es/co/bogota/107487/august-weather/107487?year=2024
2024-08-26,19,8,https://www.accuweather.com/es/co/bogota/107487/august-weather/107487?year=2024
2024-08-27,18,8,https://www.accuweather.com/es/co/bogota/107487/august-weather/107487?year=2024
2024-08-28,17,8,https://www.accuweather.com/es/co/bogota/107487/august-weather/107487?year=2024
2024-08-29,17,9,https://www.accuweather.com/es/co/bogota/107487/august-weather/107487?year=2024
2024-08-30,18,8,https://www.accuweather.com/es/co/bogota/107487/august-weather/107487?year=2024
2024-09-01,21,10,https://www.accuweather.com/es/co/bogota/107487/september-weather/107487?year=2024
2024-09-02,31,12,https://www.accuweather.com/es/co/bogota/107487/september-weather/107487?year=2024
2024-09-03,19,10,https://www.accuweather.com/es/co/bogota/107487/september-weather/107487?year=2024
2024-09-04,20,9,https://www.accuweather.com/es/co/bogota/107487/september-weather/107487?year=2024
2024-09-05,20,10,https://www.accuweather.com/es/co/bogota/107487/september-weather/107487?year=2024
2024-09-06,20,8,https://www.accuweather.com/es/co/bogota/107487/september-weather/107487?year=2024
2024-09-07,17,8,https://www.accuweather.com/es/co/bogota/107487/september-weather/107487?year=2024
2024-09-08,19,11,https://www.accuweather.com/es/co/bogota/107487/september-weather/107487?year=2024
2024-09-09,21,10,https://www.accuweather.com/es/co/bogota/107487/september-weather/107487?year=2024
2024-09-10,20,10,https://www.accuweather.com/es/co/bogota/107487/september-weather/107487?year=2024
2024-09-11,20,10,https://www.accuweather.com/es/co/bogota/107487/september-weather/107487?year=2024
2024-09-12,21,11,https://www.accuweather.com/es/co/bogota/107487/september-weather/107487?year=2024
2024-09-13,20,10,https://www.accuweather.com/es/co/bogota/107487/september-weather/107487?year=2024
2024-09-14,20,10,https://www.accuweather.com/es/co/bogota/107487/september-weather/107487?year=2024
2024-09-15,18,9,https://www.accuweather.com/es/co/bogota/107487/september-weather/107487?year=2024
2024-09-16,18,7,https://www.accuweather.com/es/co/bogota/107487/september-weather/107487?year=2024
2024-09-17,19,7,https://www.accuweather.com/es/co/bogota/107487/september-weather/107487?year=2024
2024-09-18,19,8,https://www.accuweather.com/es/co/bogota/107487/september-weather/107487?year=2024
2024-09-19,18,7,https://www.accuweather.com/es/co/bogota/107487/september-weather/107487?year=2024
2024-09-20,19,8,https://www.accuweather.com/es/co/bogota/107487/september-weather/107487?year=2024
2024-09-21,19,8,https://www.accuweather.com/es/co/bogota/107487/september-weather/107487?year=2024
2024-09-22,19,8,https://www.accuweather.com/es/co/bogota/107487/september-weather/107487?year=2024
2024-09-23,18,8,https://www.accuweather.com/es/co/bogota/107487/september-weather/107487?year=2024
2024-09-24,17,8,https://www.accuweather.com/es/co/bogota/107487/september-weather/107487?year=2024
2024-09-25,19,8,https://www.accuweather.com/es/co/bogota/107487/september-weather/107487?year=2024
2024-09-26,19,8,https://www.accuweather.com/es/co/bogota/107487/september-weather/107487?year=2024
2024-09-27,18,8,https://www.accuweather.com/es/co/bogota/107487/september-weather/107487?year=2024
2024-09-28,17,8,https://www.accuweather.com/es/co/bogota/107487/september-weather/107487?year=2024
2024-09-29,17,9,https://www.accuweather.com/es/co/bogota/107487/september-weather/107487?year=2024
2024-09-30,18,8,https://www.accuweather.com/es/co/bogota/107487/september-weather/107487?year=2024
2024-10-01,21,10,https://www.accuweather.com/es/co/bogota/107487/october-weather/107487?year=2024
2024-10-02,31,12,https://www.accuweather.com/es/co/bogota/107487/october-weather/107487?year=2024
2024-10-03,19,10,https://www.accuweather.com/es/co/bogota/107487/october-weather/107487?year=2024
2024-10-04,20,9,https://www.accuweather.com/es/co/bogota/107487/october-weather/107487?year=2024
2024-10-05,20,10,https://www.accuweather.com/es/co/bogota/107487/october-weather/107487?year=2024
2024-10-06,20,8,https://www.accuweather.com/es/co/bogota/107487/october-weather/107487?year=2024
2024-10-07,17,8,https://www.accuweather.com/es/co/bogota/107487/october-weather/107487?year=2024
2024-10-08,19,11,https://www.accuweather.com/es/co/bogota/107487/october-weather/107487?year=2024
2024-10-09,21,10,https://www.accuweather.com/es/co/bogota/107487/october-weather/107487?year=2024
2024-10-10,20,10,https://www.accuweather.com/es/co/bogota/107487/october-weather/107487?year=2024
2024-10-11,20,10,https://www.accuweather.com/es/co/bogota/107487/october-weather/107487?year=2024
2024-10-12,21,11,https://www.accuweather.com/es/co/bogota/107487/october-weather/107487?year=2024
2024-10-13,20,10,https://www.accuweather.com/es/co/bogota/107487/october-weather/107487?year=2024
2024-10-14,20,10,https://www.accuweather.com/es/co/bogota/107487/october-weather/107487?year=2024
2024-10-15,18,9,https://www.accuweather.com/es/co/bogota/107487/october-weather/107487?year=2024
2024-10-16,18,7,https://www.accuweather.com/es/co/bogota/107487/october-weather/107487?year=2024
2024-10-17,19,7,https://www.accuweather.com/es/co/bogota/107487/october-weather/107487?year=2024
2024-10-18,19,8,https://www.accuweather.com/es/co/bogota/107487/october-weather/107487?year=2024
2024-10-19,18,7,https://www.accuweather.com/es/co/bogota/107487/october-weather/107487?year=2024
2024-10-20,19,8,https://www.accuweather.com/es/co/bogota/107487/october-weather/107487?year=2024
2024-10-21,19,8,https://www.accuweather.com/es/co/bogota/107487/october-weather/107487?year=2024
2024-10-22,19,8,https://www.accuweather.com/es/co/bogota/107487/october-weather/107487?year=2024
2024-10-23,18,8,https://www.accuweather.com/es/co/bogota/107487/october-weather/107487?year=2024
2024-10-24,17,8,https://www.accuweather.com/es/co/bogota/107487/october-weather/107487?year=2024
2024-10-25,19,8,https://www.accuweather.com/es/co/bogota/107487/october-weather/107487?year=2024
2024-10-26,19,8,https://www.accuweather.com/es/co/bogota/107487/october-weather/107487?year=2024
2024-10-27,18,8,https://www.accuweather.com/es/co/bogota/107487/october-weather/107487?year=2024
2024-10-28,17,8,https://www.accuweather.com/es/co/bogota/107487/october-weather/107487?year=2024
2024-10-29,17,9,https://www.accuweather.com/es/co/bogota/107487/october-weather/107487?year=2024
2024-10-30,18,8,https://www.accuweather.com/es/co/bogota/107487/october-weather/107487?year=2024
2024-11-01,21,10,https://www.accuweather.com/es/co/bogota/107487/november-weather/107487?year=2024
2024-11-02,31,12,https://www.accuweather.com/es/co/bogota/107487/november-weather/107487?year=2024
2024-11-03,19,10,https://www.accuweather.com/es/co/bogota/107487/november-weather/107487?year=2024
2024-11-04,20,9,https://www.accuweather.com/es/co/bogota/107487/november-weather/107487?year=2024
2024-11-05,20,10,https://www.accuweather.com/es/co/bogota/107487/november-weather/107487?year=2024
2024-11-06,20,8,https://www.accuweather.com/es/co/bogota/107487/november-weather/107487?year=2024
2024-11-07,17,8,https://www.accuweather.com/es/co/bogota/107487/november-weather/107487?year=2024
2024-11-08,19,11,https://www.accuweather.com/es/co/bogota/107487/november-weather/107487?year=2024
2024-11-09,21,10,https://www.accuweather.com/es/co/bogota/107487/november-weather/107487?year=2024
2024-11-10,20,10,https://www.accuweather.com/es/co/bogota/107487/november-weather/107487?year=2024
2024-11-11,20,10,https://www.accuweather.com/es/co/bogota/107487/november-weather/107487?year=2024
2024-11-12,21,11,https://www.accuweather.com/es/co/bogota/107487/november-weather/107487?year=2024
2024-11-13,20,10,https://www.accuweather.com/es/co/bogota/107487/november-weather/107487?year=2024
2024-11-14,20,10,https://www.accuweather.com/es/co/bogota/107487/november-weather/107487?year=2024
2024-11-15,18,9,https://www.accuweather.com/es/co/bogota/107487/november-weather/107487?year=2024
2024-11-16,18,7,https://www.accuweather.com/es/co/bogota/107487/november-weather/107487?year=2024
2024-11-17,19,7,https://www.accuweather.com/es/co/bogota/107487/november-weather/107487?year=2024
2024-11-18,19,8,https://www.accuweather.com/es/co/bogota/107487/november-weather/107487?year=2024
2024-11-19,18,7,https://www.accuweather.com/es/co/bogota/107487/november-weather/107487?year=2024
2024-11-20,19,8,https://www.accuweather.com/es/co/bogota/107487/november-weather/107487?year=2024
2024-11-21,19,8,https://www.accuweather.com/es/co/bogota/107487/november-weather/107487?year=2024
2024-11-22,19,8,https://www.accuweather.com/es/co/bogota/107487/november-weather/107487?year=2024
2024-11-23,18,8,https://www.accuweather.com/es/co/bogota/107487/november-weather/107487?year=2024
2024-11-24,17,8,https://www.accuweather.com/es/co/bogota/107487/november-weather/107487?year=2024
2024-11-25,19,8,https://www.accuweather.com/es/co/bogota/107487/november-weather/107487?year=2024
2024-11-26,19,8,https://www.accuweather.com/es/co/bogota/107487/november-weather/107487?year=2024
2024-11-27,18,8,https://www.accuweather.com/es/co/bogota/107487/november-weather/107487?year=2024
2024-11-28,17,8,https://www.accuweather.com/es/co/bogota/107487/november-weather/107487?year=2024
2024-11-29,17,9,https://www.accuweather.com/es/co/bogota/107487/november-weather/107487?year=2024
2024-11-30,18,8,https://www.accuweather.com/es/co/bogota/107487/november-weather/107487?year=2024
2024-12-01,21,10,https://www.accuweather.com/es/co/bogota/107487/december-weather/107487?year=2024
2024-12-02,31,12,https://www.accuweather.com/es/co/bogota/107487/december-weather/107487?year=2024
2024-12-03,19,10,https://www.accuweather.com/es/co/bogota/107487/december-weather/107487?year=2024
2024-12-04,20,9,https://www.accuweather.com/es/co/bogota/107487/december-weather/107487?year=2024
2024-12-05,20,10,https://www.accuweather.com/es/co/bogota/107487/december-weather/107487?year=2024
2024-12-06,20,8,https://www.accuweather.com/es/co/bogota/107487/december-weather/107487?year=2024
2024-12-07,17,8,https://www.accuweather.com/es/co/bogota/107487/december-weather/107487?year=2024
2024-12-08,19,11,https://www.accuweather.com/es/co/bogota/107487/december-weather/107487?year=2024
2024-12-09,21,10,https://www.accuweather.com/es/co/bogota/107487/december-weather/107487?year=2024
2024-12-10,20,10,https://www.accuweather.com/es/co/bogota/107487/december-weather/107487?year=2024
2024-12-11,20,10,https://www.accuweather.com/es/co/bogota/107487/december-weather/107487?year=2024
2024-12-12,21,11,https://www.accuweather.com/es/co/bogota/107487/december-weather/107487?year=2024
2024-12-13,20,10,https://www.accuweather.com/es/co/bogota/107487/december-weather/107487?year=2024
2024-12-14,20,10,https://www.accuweather.com/es/co/bogota/107487/december-weather/107487?year=2024
2024-12-15,18,9,https://www.accuweather.com/es/co/bogota/107487/december-weather/107487?year=2024
2024-12-16,18,7,https://www.accuweather.com/es/co/bogota/107487/december-weather/107487?year=2024
2024-12-17,19,7,https://www.accuweather.com/es/co/bogota/107487/december-weather/107487?year=2024
2024-12-18,19,8,https://www.accuweather.com/es/co/bogota/107487/december-weather/107487?year=2024
2024-12-19,18,7,https://www.accuweather.com/es/co/bogota/107487/december-weather/107487?year=2024
2024-12-20,19,8,https://www.accuweather.com/es/co/bogota/107487/december-weather/107487?year=2024
2024-12-21,19,8,https://www.accuweather.com/es/co/bogota/107487/december-weather/107487?year=2024
2024-12-22,19,8,https://www.accuweather.com/es/co/bogota/107487/december-weather/107487?year=2024
2024-12-23,18,8,https://www.accuweather.com/es/co/bogota/107487/december-weather/107487?year=2024
2024-12-24,17,8,https://www.accuweather.com/es/co/bogota/107487/december-weather/107487?year=2024
2024-12-25,19,8,https://www.accuweather.com/es/co/bogota/107487/december-weather/107487?year=2024
2024-12-26,19,8,https://www.accuweather.com/es/co/bogota/107487/december-weather/107487?year=2024
2024-12-27,18,8,https://www.accuweather.com/es/co/bogota/107487/december-weather/107487?year=2024
2024-12-28,17,8,https://www.accuweather.com/es/co/bogota/107487/december-weather/107487?year=2024
2024-12-29,17,9,https://www.accuweather.com/es/co/bogota/107487/december-weather/107487?year=2024
2024-12-30,18,8,https://www.accuweather.com/es/co/bogota/107487/december-weather/107487?year=2024
2025-01-01,21,7,https://www.accuweather.com/es/co/bogota/107487/january-weather/107487?year=2025
2025-01-02,22,9,https://www.accuweather.com/es/co/bogota/107487/january-weather/107487?year=2025
2025-01-03,20,11,https://www.accuweather.com/es/co/bogota/107487/january-weather/107487?year=2025
2025-01-04,20,10,https://www.accuweather.com/es/co/bogota/107487/january-weather/107487?year=2025
2025-01-05,17,10,https://www.accuweather.com/es/co/bogota/107487/january-weather/107487?year=2025
2025-01-06,20,9,https://www.accuweather.com/es/co/bogota/107487/january-weather/107487?year=2025
2025-01-07,21,6,https://www.accuweather.com/es/co/bogota/107487/january-weather/107487?year=2025
2025-01-08,21,11,https://www.accuweather.com/es/co/bogota/107487/january-weather/107487?year=2025
2025-01-09,21,10,https://www.accuweather.com/es/co/bogota/107487/january-weather/107487?year=2025
2025-01-10,23,11,https://www.accuweather.com/es/co/bogota/107487/january-weather/107487?year=2025
2025-01-11,21,6,https://www.accuweather.com/es/co/bogota/107487/january-weather/107487?year=2025
2025-01-12,23,4,https://www.accuweather.com/es/co/bogota/107487/january-weather/107487?year=2025
2025-01-13,22,2,https://www.accuweather.com/es/co/bogota/107487/january-weather/107487?year=2025
2025-01-14,22,4,https://www.accuweather.com/es/co/bogota/107487/january-weather/107487?year=2025
2025-01-15,21,7,https://www.accuweather.com/es/co/bogota/107487/january-weather/107487?year=2025
2025-01-16,21,5,https://www.accuweather.com/es/co/bogota/107487/january-weather/107487?year=2025
2025-01-17,21,5,https://www.accuweather.com/es/co/bogota/107487/january-weather/107487?year=2025
2025-01-18,23,4,https://www.accuweather.com/es/co/bogota/107487/january-weather/107487?year=2025
2025-01-19,22,5,https://www.accuweather.com/es/co/bogota/107487/january-weather/107487?year=2025
2025-01-20,22,2,https://www.accuweather.com/es/co/bogota/107487/january-weather/107487?year=2025
2025-01-21,21,5,https://www.accuweather.com/es/co/bogota/107487/january-weather/107487?year=2025
2025-01-22,22,4,https://www.accuweather.com/es/co/bogota/107487/january-weather/107487?year=2025
2025-01-23,21,3,https://www.accuweather.com/es/co/bogota/107487/january-weather/107487?year=2025
2025-01-24,20,7,https://www.accuweather.com/es/co/bogota/107487/january-weather/107487?year=2025
2025-01-25,19,11,https://www.accuweather.com/es/co/bogota/107487/january-weather/107487?year=2025
2025-01-26,20,12,https://www.accuweather.com/es/co/bogota/107487/january-weather/107487?year=2025
2025-01-27,19,8,https://www.accuweather.com/es/co/bogota/107487/january-weather/107487?year=2025
2025-01-28,20,8,https://www.accuweather.com/es/co/bogota/107487/january-weather/107487?year=2025
2025-01-29,20,8,https://www.accuweather.com/es/co/bogota/107487/january-weather/107487?year=2025
2025-01-30,19,7,https://www.accuweather.com/es/co/bogota/107487/january-weather/107487?year=2025
2025-01-31,21,7,https://www.accuweather.com/es/co/bogota/107487/january-weather/107487?year=2025
2025-02-01,21,9,https://www.accuweather.com/es/co/bogota/107487/february-weather/107487?year=2025
2025-02-02,21,7,https://www.accuweather.com/es/co/bogota/107487/february-weather/107487?year=2025
2025-02-03,22,6,https://www.accuweather.com/es/co/bogota/107487/february-weather/107487?year=2025
2025-02-04,20,9,https://www.accuweather.com/es/co/bogota/107487/february-weather/107487?year=2025
2025-02-05,21,11,https://www.accuweather.com/es/co/bogota/107487/february-weather/107487?year=2025
2025-02-06,22,11,https://www.accuweather.com/es/co/bogota/107487/february-weather/107487?year=2025
2025-02-07,22,12,https://www.accuweather.com/es/co/bogota/107487/february-weather/107487?year=2025
2025-02-08,22,11,https://www.accuweather.com/es/co/bogota/107487/february-weather/107487?year=2025
2025-02-09,20,11,https://www.accuweather.com/es/co/bogota/107487/february-weather/107487?year=2025
2025-02-10,20,11,https://www.accuweather.com/es/co/bogota/107487/february-weather/107487?year=2025
2025-02-11,18,12,https://www.accuweather.com/es/co/bogota/107487/february-weather/107487?year=2025
2025-02-12,20,10,https://www.accuweather.com/es/co/bogota/107487/february-weather/107487?year=2025
2025-02-13,17,10,https://www.accuweather.com/es/co/bogota/107487/february-weather/107487?year=2025
2025-02-14,20,9,https://www.accuweather.com/es/co/bogota/107487/february-weather/107487?year=2025
2025-02-15,20,11,https://www.accuweather.com/es/co/bogota/107487/february-weather/107487?year=2025
2025-02-16,20,7,https://www.accuweather.com/es/co/bogota/107487/february-weather/107487?year=2025
2025-02-17,21,11,https://www.accuweather.com/es/co/bogota/107487/february-weather/107487?year=2025
2025-02-18,21,8,https://www.accuweather.com/es/co/bogota/107487/february-weather/107487?year=2025
2025-02-19,21,8,https://www.accuweather.com/es/co/bogota/107487/february-weather/107487?year=2025
2025-02-20,21,10,https://www.accuweather.com/es/co/bogota/107487/february-weather/107487?year=2025
2025-02-21,20,12,https://www.accuweather.com/es/co/bogota/107487/february-weather/107487?year=2025
2025-02-22,18,11,https://www.accuweather.com/es/co/bogota/107487/february-weather/107487?year=2025
2025-02-23,20,11,https://www.accuweather.com/es/co/bogota/107487/february-weather/107487?year=2025
2025-02-24,20,13,https://www.accuweather.com/es/co/bogota/107487/february-weather/107487?year=2025
2025-02-25,19,12,https://www.accuweather.com/es/co/bogota/107487/february-weather/107487?year=2025
2025-02-26,22,9,https://www.accuweather.com/es/co/bogota/107487/february-weather/107487?year=2025
2025-02-27,21,9,https://www.accuweather.com/es/co/bogota/107487/february-weather/107487?year=2025
2025-02-28,22,9,https://www.accuweather.com/es/co/bogota/107487/february-weather/107487?year=2025
2025-03-01,22,10,https://www.accuweather.com/es/co/bogota/107487/march-weather/107487?year=2025
2025-03-02,22,11,https://www.accuweather.com/es/co/bogota/107487/march-weather/107487?year=2025
2025-03-03,20,10,https://www.accuweather.com/es/co/bogota/107487/march-weather/107487?year=2025
2025-03-04,19,10,https://www.accuweather.com/es/co/bogota/107487/march-weather/107487?year=2025
2025-03-05,21,10,https://www.accuweather.com/es/co/bogota/107487/march-weather/107487?year=2025
2025-03-06,18,10,https://www.accuweather.com/es/co/bogota/107487/march-weather/107487?year=2025
2025-03-07,19,11,https://www.accuweather.com/es/co/bogota/107487/march-weather/107487?year=2025
2025-03-08,19,10,https://www.accuweather.com/es/co/bogota/107487/march-weather/107487?year=2025
2025-03-09,21,9,https://www.accuweather.com/es/co/bogota/107487/march-weather/107487?year=2025
2025-03-10,32,9,https://www.accuweather.com/es/co/bogota/107487/march-weather/107487?year=2025
2025-03-11,20,10,https://www.accuweather.com/es/co/bogota/107487/march-weather/107487?year=2025
2025-03-12,20,11,https://www.accuweather.com/es/co/bogota/107487/march-weather/107487?year=2025
2025-03-13,22,10,https://www.accuweather.com/es/co/bogota/107487/march-weather/107487?year=2025
2025-03-14,17,13,https://www.accuweather.com/es/co/bogota/107487/march-weather/107487?year=2025
2025-03-15,19,11,https://www.accuweather.com/es/co/bogota/107487/march-weather/107487?year=2025
2025-03-16,21,10,https://www.accuweather.com/es/co/bogota/107487/march-weather/107487?year=2025
2025-03-17,18,12,https://www.accuweather.com/es/co/bogota/107487/march-weather/107487?year=2025
2025-03-18,20,10,https://www.accuweather.com/es/co/bogota/107487/march-weather/107487?year=2025
2025-03-19,19,9,https://www.accuweather.com/es/co/bogota/107487/march-weather/107487?year=2025
2025-03-20,18,11,https://www.accuweather.com/es/co/bogota/107487/march-weather/107487?year=2025
2025-03-21,20,11,https://www.accuweather.com/es/co/bogota/107487/march-weather/107487?year=2025
2025-03-22,18,12,https://www.accuweather.com/es/co/bogota/107487/march-weather/107487?year=2025
2025-03-23,20,8,https://www.accuweather.com/es/co/bogota/107487/march-weather/107487?year=2025
2025-03-24,21,5,https://www.accuweather.com/es/co/bogota/107487/march-weather/107487?year=2025
2025-03-25,22,3,https://www.accuweather.com/es/co/bogota/107487/march-weather/107487?year=2025
2025-03-26,21,6,https://www.accuweather.com/es/co/bogota/107487/march-weather/107487?year=2025
2025-03-27,20,11,https://www.accuweather.com/es/co/bogota/107487/march-weather/107487?year=2025
2025-03-28,20,8,https://www.accuweather.com/es/co/bogota/107487/march-weather/107487?year=2025
2025-03-29,20,11,https://www.accuweather.com/es/co/bogota/107487/march-weather/107487?year=2025
2025-03-30,19,11,https://www.accuweather.com/es/co/bogota/107487/march-weather/107487?year=2025
2025-03-31,18,11,https://www.accuweather.com/es/co/bogota/107487/march-weather/107487?year=2025
2025-04-01,19,10,https://www.accuweather.com/es/co/bogota/107487/april-weather/107487?year=2025
2025-04-02,20,11,https://www.accuweather.com/es/co/bogota/107487/april-weather/107487?year=2025
2025-04-03,21,10,https://www.accuweather.com/es/co/bogota/107487/april-weather/107487?year=2025
2025-04-04,19,11,https://www.accuweather.com/es/co/bogota/107487/april-weather/107487?year=2025
2025-04-05,21,11,https://www.accuweather.com/es/co/bogota/107487/april-weather/107487?year=2025
2025-04-06,21,12,https://www.accuweather.com/es/co/bogota/107487/april-weather/107487?year=2025
2025-04-07,20,11,https://www.accuweather.com/es/co/bogota/107487/april-weather/107487?year=2025
2025-04-08,19,12,https://www.accuweather.com/es/co/bogota/107487/april-weather/107487?year=2025
2025-04-09,19,11,https://www.accuweather.com/es/co/bogota/107487/april-weather/107487?year=2025
2025-04-10,19,11,https://www.accuweather.com/es/co/bogota/107487/april-weather/107487?year=2025
2025-04-11,19,10,https://www.accuweather.com/es/co/bogota/107487/april-weather/107487?year=2025
2025-04-12,20,8,https://www.accuweather.com/es/co/bogota/107487/april-weather/107487?year=2025
2025-04-13,23,7,https://www.accuweather.com/es/co/bogota/107487/april-weather/107487?year=2025
2025-04-14,22,7,https://www.accuweather.com/es/co/bogota/107487/april-weather/107487?year=2025
2025-04-15,22,9,https://www.accuweather.com/es/co/bogota/107487/april-weather/107487?year=2025
2025-04-16,22,7,https://www.accuweather.com/es/co/bogota/107487/april-weather/107487?year=2025
2025-04-17,20,11,https://www.accuweather.com/es/co/bogota/107487/april-weather/107487?year=2025
2025-04-18,20,12,https://www.accuweather.com/es/co/bogota/107487/april-weather/107487?year=2025
2025-04-19,20,11,https://www.accuweather.com/es/co/bogota/107487/april-weather/107487?year=2025
2025-04-20,20,11,https://www.accuweather.com/es/co/bogota/107487/april-weather/107487?year=2025
2025-04-21,18,9,https://www.accuweather.com/es/co/bogota/107487/april-weather/107487?year=2025
2025-04-22,19,9,https://www.accuweather.com/es/co/bogota/107487/april-weather/107487?year=2025
2025-04-23,20,10,https://www.accuweather.com/es/co/bogota/107487/april-weather/107487?year=2025
2025-04-24,18,12,https://www.accuweather.com/es/co/bogota/107487/april-weather/107487?year=2025
2025-04-25,18,12,https://www.accuweather.com/es/co/bogota/107487/april-weather/107487?year=2025
2025-04-26,18,12,https://www.accuweather.com/es/co/bogota/107487/april-weather/107487?year=2025
2025-04-27,19,11,https://www.accuweather.com/es/co/bogota/107487/april-weather/107487?year=2025
2025-04-28,19,11,https://www.accuweather.com/es/co/bogota/107487/april-weather/107487?year=2025
2025-04-29,19,11,https://www.accuweather.com/es/co/bogota/107487/april-weather/107487?year=2025
2025-04-30,20,12,https://www.accuweather.com/es/co/bogota/107487/april-weather/107487?year=2025
2025-05-01,19,9,https://www.accuweather.com/es/co/bogota/107487/may-weather/107487?year=2025
2025-05-02,19,9,https://www.accuweather.com/es/co/bogota/107487/may-weather/107487?year=2025
2025-05-03,19,11,https://www.accuweather.com/es/co/bogota/107487/may-weather/107487?year=2025
2025-05-04,18,11,https://www.accuweather.com/es/co/bogota/107487/may-weather/107487?year=2025
2025-05-05,16,9,https://www.accuweather.com/es/co/bogota/107487/may-weather/107487?year=2025
2025-05-06,17,10,https://www.accuweather.com/es/co/bogota/107487/may-weather/107487?year=2025
2025-05-07,18,11,https://www.accuweather.com/es/co/bogota/107487/may-weather/107487?year=2025
2025-05-08,20,10,https://www.accuweather.com/es/co/bogota/107487/may-weather/107487?year=2025
2025-05-09,18,10,https://www.accuweather.com/es/co/bogota/107487/may-weather/107487?year=2025
2025-05-10,18,12,https://www.accuweather.com/es/co/bogota/107487/may-weather/107487?year=2025
2025-05-11,20,12,https://www.accuweather.com/es/co/bogota/107487/may-weather/107487?year=2025
2025-05-12,20,11,https://www.accuweather.com/es/co/bogota/107487/may-weather/107487?year=2025
2025-05-13,20,10,https://www.accuweather.com/es/co/bogota/107487/may-weather/107487?year=2025
2025-05-14,30,10,https://www.accuweather.com/es/co/bogota/107487/may-weather/107487?year=2025
2025-05-15,16,11,https://www.accuweather.com/es/co/bogota/107487/may-weather/107487?year=2025
2025-05-16,20,12,https://www.accuweather.com/es/co/bogota/107487/may-weather/107487?year=2025
2025-05-17,19,13,https://www.accuweather.com/es/co/bogota/107487/may-weather/107487?year=2025
2025-05-18,19,13,https://www.accuweather.com/es/co/bogota/107487/may-weather/107487?year=2025
2025-05-19,19,13,https://www.accuweather.com/es/co/bogota/107487/may-weather/107487?year=2025
2025-05-20,21,12,https://www.accuweather.com/es/co/bogota/107487/may-weather/107487?year=2025
2025-05-21,20,11,https://www.accuweather.com/es/co/bogota/107487/may-weather/107487?year=2025
2025-05-22,18,12,https://www.accuweather.com/es/co/bogota/107487/may-weather/107487?year=2025
2025-05-23,19,11,https://www.accuweather.com/es/co/bogota/107487/may-weather/107487?year=2025
2025-05-24,19,11,https://www.accuweather.com/es/co/bogota/107487/may-weather/107487?year=2025
2025-05-25,20,10,https://www.accuweather.com/es/co/bogota/107487/may-weather/107487?year=2025
2025-05-26,20,12,https://www.accuweather.com/es/co/bogota/107487/may-weather/107487?year=2025
2025-05-27,18,12,https://www.accuweather.com/es/co/bogota/107487/may-weather/107487?year=2025
2025-05-28,19,12,https://www.accuweather.com/es/co/bogota/107487/may-weather/107487?year=2025
2025-05-29,20,13,https://www.accuweather.com/es/co/bogota/107487/may-weather/107487?year=2025
2025-05-30,19,11,https://www.accuweather.com/es/co/bogota/107487/may-weather/107487?year=2025
2025-05-31,18,11,https://www.accuweather.com/es/co/bogota/107487/may-weather/107487?year=2025
2025-06-01,18,12,https://www.accuweather.com/es/co/bogota/107487/june-weather/107487?year=2025
2025-06-02,19,12,https://www.accuweather.com/es/co/bogota/107487/june-weather/107487?year=2025
2025-06-03,19,10,https://www.accuweather.com/es/co/bogota/107487/june-weather/107487?year=2025
2025-06-04,18,9,https://www.accuweather.com/es/co/bogota/107487/june-weather/107487?year=2025
2025-06-05,19,11,https://www.accuweather.com/es/co/bogota/107487/june-weather/107487?year=2025
2025-06-06,19,10,https://www.accuweather.com/es/co/bogota/107487/june-weather/107487?year=2025
2025-06-07,18,9,https://www.accuweather.com/es/co/bogota/107487/june-weather/107487?year=2025
2025-06-08,18,10,https://www.accuweather.com/es/co/bogota/107487/june-weather/107487?year=2025
2025-06-09,18,11,https://www.accuweather.com/es/co/bogota/107487/june-weather/107487?year=2025
2025-06-10,17,11,https://www.accuweather.com/es/co/bogota/107487/june-weather/107487?year=2025
2025-06-11,20,11,https://www.accuweather.com/es/co/bogota/107487/june-weather/107487?year=2025
2025-06-12,18,10,https://www.accuweather.com/es/co/bogota/107487/june-weather/107487?year=2025
2025-06-13,18,11,https://www.accuweather.com/es/co/bogota/107487/june-weather/107487?year=2025
2025-06-14,18,9,https://www.accuweather.com/es/co/bogota/107487/june-weather/107487?year=2025
2025-06-15,20,10,https://www.accuweather.com/es/co/bogota/107487/june-weather/107487?year=2025
2025-06-16,20,9,https://www.accuweather.com/es/co/bogota/107487/june-weather/107487?year=2025
2025-06-17,18,10,https://www.accuweather.com/es/co/bogota/107487/june-weather/107487?year=2025
2025-06-18,18,10,https://www.accuweather.com/es/co/bogota/107487/june-weather/107487?year=2025
2025-06-19,18,7,https://www.accuweather.com/es/co/bogota/107487/june-weather/107487?year=2025
2025-06-20,20,11,https://www.accuweather.com/es/co/bogota/107487/june-weather/107487?year=2025
2025-06-21,19,10,https://www.accuweather.com/es/co/bogota/107487/june-weather/107487?year=2025
2025-06-22,18,12,https://www.accuweather.com/es/co/bogota/107487/june-weather/107487?year=2025
2025-06-23,20,12,https://www.accuweather.com/es/co/bogota/107487/june-weather/107487?year=2025
2025-06-24,17,12,https://www.accuweather.com/es/co/bogota/107487/june-weather/107487?year=2025
2025-06-25,17,9,https://www.accuweather.com/es/co/bogota/107487/june-weather/107487?year=2025
2025-06-26,20,7,https://www.accuweather.com/es/co/bogota/107487/june-weather/107487?year=2025
2025-06-27,18,11,https://www.accuweather.com/es/co/bogota/107487/june-weather/107487?year=2025
2025-06-28,19,10,https://www.accuweather.com/es/co/bogota/107487/june-weather/107487?year=2025
2025-06-29,18,8,https://www.accuweather.com/es/co/bogota/107487/june-weather/107487?year=2025
2025-06-30,18,11,https://www.accuweather.com/es/co/bogota/107487/june-weather/107487?year=2025
2025-07-01,18,11,https://www.accuweather.com/es/co/bogota/107487/july-weather/107487?year=2025
2025-07-02,19,10,https://www.accuweather.com/es/co/bogota/107487/july-weather/107487?year=2025
2025-07-03,18,11,https://www.accuweather.com/es/co/bogota/107487/july-weather/107487?year=2025
2025-07-04,18,9,https://www.accuweather.com/es/co/bogota/107487/july-weather/107487?year=2025
2025-07-05,18,8,https://www.accuweather.com/es/co/bogota/107487/july-weather/107487?year=2025
2025-07-06,17,9,https://www.accuweather.com/es/co/bogota/107487/july-weather/107487?year=2025
2025-07-07,18,10,https://www.accuweather.com/es/co/bogota/107487/july-weather/107487?year=2025
2025-07-08,19,8,https://www.accuweather.com/es/co/bogota/107487/july-weather/107487?year=2025
2025-07-09,19,9,https://www.accuweather.com/es/co/bogota/107487/july-weather/107487?year=2025
2025-07-10,18,11,https://www.accuweather.com/es/co/bogota/107487/july-weather/107487?year=2025
2025-07-11,17,11,https://www.accuweather.com/es/co/bogota/107487/july-weather/107487?year=2025
2025-07-12,18,10,https://www.accuweather.com/es/co/bogota/107487/july-weather/107487?year=2025
2025-07-13,19,10,https://www.accuweather.com/es/co/bogota/107487/july-weather/107487?year=2025
2025-07-14,18,10,https://www.accuweather.com/es/co/bogota/107487/july-weather/107487?year=2025
2025-07-15,19,10,https://www.accuweather.com/es/co/bogota/107487/july-weather/107487?year=2025
2025-07-16,18,9,https://www.accuweather.com/es/co/bogota/107487/july-weather/107487?year=2025
2025-07-17,19,9,https://www.accuweather.com/es/co/bogota/107487/july-weather/107487?year=2025
2025-07-18,17,10,https://www.accuweather.com/es/co/bogota/107487/july-weather/107487?year=2025
2025-07-19,18,10,https://www.accuweather.com/es/co/bogota/107487/july-weather/107487?year=2025
2025-07-20,18,9,https://www.accuweather.com/es/co/bogota/107487/july-weather/107487?year=2025
2025-07-21,20,11,https://www.accuweather.com/es/co/bogota/107487/july-weather/107487?year=2025
2025-07-22,19,10,https://www.accuweather.com/es/co/bogota/107487/july-weather/107487?year=2025
2025-07-23,20,11,https://www.accuweather.com/es/co/bogota/107487/july-weather/107487?year=2025
2025-07-24,19,10,https://www.accuweather.com/es/co/bogota/107487/july-weather/107487?year=2025
2025-07-25,20,10,https://www.accuweather.com/es/co/bogota/107487/july-weather/107487?year=2025
2025-07-26,20,9,https://www.accuweather.com/es/co/bogota/107487/july-weather/107487?year=2025
2025-07-27,20,11,https://www.accuweather.com/es/co/bogota/107487/july-weather/107487?year=2025
2025-07-28,19,10,https://www.accuweather.com/es/co/bogota/107487/july-weather/107487?year=2025
2025-07-29,18,11,https://www.accuweather.com/es/co/bogota/107487/july-weather/107487?year=2025
2025-07-30,18,9,https://www.accuweather.com/es/co/bogota/107487/july-weather/107487?year=2025
2025-07-31,20,6,https://www.accuweather.com/es/co/bogota/107487/july-weather/107487?year=2025
2025-08-01,19,9,https://www.accuweather.com/es/co/bogota/107487/august-weather/107487?year=2025
2025-08-02,18,10,https://www.accuweather.com/es/co/bogota/107487/august-weather/107487?year=2025
2025-08-03,18,9,https://www.accuweather.com/es/co/bogota/107487/august-weather/107487?year=2025
2025-08-04,18,10,https://www.accuweather.com/es/co/bogota/107487/august-weather/107487?year=2025
2025-08-05,18,6,https://www.accuweather.com/es/co/bogota/107487/august-weather/107487?year=2025
2025-08-06,20,8,https://www.accuweather.com/es/co/bogota/107487/august-weather/107487?year=2025
2025-08-07,16,11,https://www.accuweather.com/es/co/bogota/107487/august-weather/107487?year=2025
2025-08-08,17,11,https://www.accuweather.com/es/co/bogota/107487/august-weather/107487?year=2025
2025-08-09,18,10,https://www.accuweather.com/es/co/bogota/107487/august-weather/107487?year=2025
2025-08-10,20,10,https://www.accuweather.com/es/co/bogota/107487/august-weather/107487?year=2025
2025-08-11,19,10,https://www.accuweather.com/es/co/bogota/107487/august-weather/107487?year=2025
2025-08-12,20,9,https://www.accuweather.com/es/co/bogota/107487/august-weather/107487?year=2025
2025-08-13,16,8,https://www.accuweather.com/es/co/bogota/107487/august-weather/107487?year=2025
2025-08-14,20,10,https://www.accuweather.com/es/co/bogota/107487/august-weather/107487?year=2025
2025-08-15,19,10,https://www.accuweather.com/es/co/bogota/107487/august-weather/107487?year=2025
2025-08-16,18,11,https://www.accuweather.com/es/co/bogota/107487/august-weather/107487?year=2025
2025-08-17,18,10,https://www.accuweather.com/es/co/bogota/107487/august-weather/107487?year=2025
2025-08-18,19,11,https://www.accuweather.com/es/co/bogota/107487/august-weather/107487?year=2025
2025-08-19,20,10,https://www.accuweather.com/es/co/bogota/107487/august-weather/107487?year=2025
2025-08-20,21,9,https://www.accuweather.com/es/co/bogota/107487/august-weather/107487?year=2025
2025-08-21,19,10,https://www.accuweather.com/es/co/bogota/107487/august-weather/107487?year=2025
2025-08-22,20,7,https://www.accuweather.com/es/co/bogota/107487/august-weather/107487?year=2025
2025-08-23,19,11,https://www.accuweather.com/es/co/bogota/107487/august-weather/107487?year=2025
2025-08-24,20,7,https://www.accuweather.com/es/co/bogota/107487/august-weather/107487?year=2025
2025-08-25,17,10,https://www.accuweather.com/es/co/bogota/107487/august-weather/107487?year=2025
2025-08-26,17,9,https://www.accuweather.com/es/co/bogota/107487/august-weather/107487?year=2025
2025-08-27,18,11,https://www.accuweather.com/es/co/bogota/107487/august-weather/107487?year=2025
2025-08-28,17,8,https://www.accuweather.com/es/co/bogota/107487/august-weather/107487?year=2025
2025-08-29,19,6,https://www.accuweather.com/es/co/bogota/107487/august-weather/107487?year=2025
2025-08-30,21,7,https://www.accuweather.com/es/co/bogota/107487/august-weather/107487?year=2025
2025-08-31,19,9,https://www.accuweather.com/es/co/bogota/107487/august-weather/107487?year=2025
2025-09-01,19,8,https://www.accuweather.com/es/co/bogota/107487/september-weather/107487?year=2025
2025-09-02,19,10,https://www.accuweather.com/es/co/bogota/107487/september-weather/107487?year=2025
2025-09-03,19,7,https://www.accuweather.com/es/co/bogota/107487/september-weather/107487?year=2025
2025-09-04,17,10,https://www.accuweather.com/es/co/bogota/107487/september-weather/107487?year=2025
2025-09-05,18,10,https://www.accuweather.com/es/co/bogota/107487/september-weather/107487?year=2025
2025-09-06,19,10,https://www.accuweather.com/es/co/bogota/107487/september-weather/107487?year=2025
2025-09-07,18,10,https://www.accuweather.com/es/co/bogota/107487/september-weather/107487?year=2025
2025-09-08,19,9,https://www.accuweather.com/es/co/bogota/107487/september-weather/107487?year=2025
2025-09-09,18,9,https://www.accuweather.com/es/co/bogota/107487/september-weather/107487?year=2025
2025-09-10,18,9,https://www.accuweather.com/es/co/bogota/107487/september-weather/107487?year=2025
2025-09-11,19,11,https://www.accuweather.com/es/co/bogota/107487/september-weather/107487?year=2025
2025-09-12,20,8,https://www.accuweather.com/es/co/bogota/107487/september-weather/107487?year=2025
2025-09-13,19,8,https://www.accuweather.com/es/co/bogota/107487/september-weather/107487?year=2025
2025-09-14,18,6,https://www.accuweather.com/es/co/bogota/107487/september-weather/107487?year=2025
2025-09-15,18,11,https://www.accuweather.com/es/co/bogota/107487/september-weather/107487?year=2025
2025-09-16,19,8,https://www.accuweather.com/es/co/bogota/107487/september-weather/107487?year=2025
2025-09-17,20,6,https://www.accuweather.com/es/co/bogota/107487/september-weather/107487?year=2025
2025-09-18,18,11,https://www.accuweather.com/es/co/bogota/107487/september-weather/107487?year=2025
2025-09-19,20,11,https://www.accuweather.com/es/co/bogota/107487/september-weather/107487?year=2025
2025-09-20,19,10,https://www.accuweather.com/es/co/bogota/107487/september-weather/107487?year=2025
2025-09-21,22,9,https://www.accuweather.com/es/co/bogota/107487/september-weather/107487?year=2025
2025-09-22,22,5,https://www.accuweather.com/es/co/bogota/107487/september-weather/107487?year=2025
2025-09-23,19,9,https://www.accuweather.com/es/co/bogota/107487/september-weather/107487?year=2025
2025-09-24,20,11,https://www.accuweather.com/es/co/bogota/107487/september-weather/107487?year=2025
2025-09-25,20,9,https://www.accuweather.com/es/co/bogota/107487/september-weather/107487?year=2025
2025-09-26,19,7,https://www.accuweather.com/es/co/bogota/107487/september-weather/107487?year=2025
2025-09-27,19,11,https://www.accuweather.com/es/co/bogota/107487/september-weather/107487?year=2025
2025-09-28,19,7,https://www.accuweather.com/es/co/bogota/107487/september-weather/107487?year=2025
2025-09-29,18,10,https://www.accuweather.com/es/co/bogota/107487/september-weather/107487?year=2025
2025-09-30,18,11,https://www.accuweather.com/es/co/bogota/107487/september-weather/107487?year=2025
2025-10-01,18,10,https://www.accuweather.com/es/co/bogota/107487/october-weather/107487?year=2025
2025-10-02,20,10,https://www.accuweather.com/es/co/bogota/107487/october-weather/107487?year=2025
2025-10-03,19,9,https://www.accuweather.com/es/co/bogota/107487/october-weather/107487?year=2025
2025-10-04,20,7,https://www.accuweather.com/es/co/bogota/107487/october-weather/107487?year=2025
2025-10-05,19,10,https://www.accuweather.com/es/co/bogota/107487/october-weather/107487?year=2025
2025-10-06,19,6,https://www.accuweather.com/es/co/bogota/107487/october-weather/107487?year=2025
2025-10-07,18,9,https://www.accuweather.com/es/co/bogota/107487/october-weather/107487?year=2025
2025-10-08,19,9,https://www.accuweather.com/es/co/bogota/107487/october-weather/107487?year=2025
2025-10-09,19,8,https://www.accuweather.com/es/co/bogota/107487/october-weather/107487?year=2025
2025-10-10,19,11,https://www.accuweather.com/es/co/bogota/107487/october-weather/107487?year=2025
2025-10-11,18,11,https://www.accuweather.com/es/co/bogota/107487/october-weather/107487?year=2025
2025-10-12,18,11,https://www.accuweather.com/es/co/bogota/107487/october-weather/107487?year=2025
2025-10-13,20,11,https://www.accuweather.com/es/co/bogota/107487/october-weather/107487?year=2025
2025-10-14,17,9,https://www.accuweather.com/es/co/bogota/107487/october-weather/107487?year=2025
2025-10-15,19,6,https://www.accuweather.com/es/co/bogota/107487/october-weather/107487?year=2025
2025-10-16,19,10,https://www.accuweather.com/es/co/bogota/107487/october-weather/107487?year=2025
2025-10-17,20,9,https://www.accuweather.com/es/co/bogota/107487/october-weather/107487?year=2025
2025-10-18,19,9,https://www.accuweather.com/es/co/bogota/107487/october-weather/107487?year=2025
2025-10-19,18,7,https://www.accuweather.com/es/co/bogota/107487/october-weather/107487?year=2025
2025-10-20,18,9,https://www.accuweather.com/es/co/bogota/107487/october-weather/107487?year=2025
2025-10-21,19,8,https://www.accuweather.com/es/co/bogota/107487/october-weather/107487?year=2025
2025-10-22,21,11,https://www.accuweather.com/es/co/bogota/107487/october-weather/107487?year=2025
2025-10-23,20,8,https://www.accuweather.com/es/co/bogota/107487/october-weather/107487?year=2025
2025-10-24,19,11,https://www.accuweather.com/es/co/bogota/107487/october-weather/107487?year=2025
2025-10-25,19,11,https://www.accuweather.com/es/co/bogota/107487/october-weather/107487?year=2025
2025-10-26,20,12,https://www.accuweather.com/es/co/bogota/107487/october-weather/107487?year=2025
2025-10-27,20,10,https://www.accuweather.com/es/co/bogota/107487/october-weather/107487?year=2025
2025-10-28,19,10,https://www.accuweather.com/es/co/bogota/107487/october-weather/107487?year=2025
2025-10-29,19,8,https://www.accuweather.com/es/co/bogota/107487/october-weather/107487?year=2025
2025-10-30,21,8,https://www.accuweather.com/es/co/bogota/107487/october-weather/107487?year=2025
2025-10-31,18,10,https://www.accuweather.com/es/co/bogota/107487/october-weather/107487?year=2025
2025-11-01,20,8,https://www.accuweather.com/es/co/bogota/107487/november-weather/107487?year=2025
2025-11-02,21,11,https://www.accuweather.com/es/co/bogota/107487/november-weather/107487?year=2025
2025-11-03,21,9,https://www.accuweather.com/es/co/bogota/107487/november-weather/107487?year=2025
2025-11-04,20,11,https://www.accuweather.com/es/co/bogota/107487/november-weather/107487?year=2025
2025-11-05,19,9,https://www.accuweather.com/es/co/bogota/107487/november-weather/107487?year=2025
2025-11-06,19,10,https://www.accuweather.com/es/co/bogota/107487/november-weather/107487?year=2025
2025-11-07,21,7,https://www.accuweather.com/es/co/bogota/107487/november-weather/107487?year=2025
2025-11-08,21,6,https://www.accuweather.com/es/co/bogota/107487/november-weather/107487?year=2025
2025-11-09,20,10,https://www.accuweather.com/es/co/bogota/107487/november-weather/107487?year=2025
2025-11-10,19,11,https://www.accuweather.com/es/co/bogota/107487/november-weather/107487?year=2025
2025-11-11,21,8,https://www.accuweather.com/es/co/bogota/107487/november-weather/107487?year=2025
2025-11-12,20,8,https://www.accuweather.com/es/co/bogota/107487/november-weather/107487?year=2025
2025-11-13,17,11,https://www.accuweather.com/es/co/bogota/107487/november-weather/107487?year=2025
2025-11-14,18,12,https://www.accuweather.com/es/co/bogota/107487/november-weather/107487?year=2025
2025-11-15,18,12,https://www.accuweather.com/es/co/bogota/107487/november-weather/107487?year=2025
2025-11-16,19,11,https://www.accuweather.com/es/co/bogota/107487/november-weather/107487?year=2025
2025-11-17,21,11,https://www.accuweather.com/es/co/bogota/107487/november-weather/107487?year=2025
2025-11-18,21,10,https://www.accuweather.com/es/co/bogota/107487/november-weather/107487?year=2025
2025-11-19,20,9,https://www.accuweather.com/es/co/bogota/107487/november-weather/107487?year=2025
2025-11-20,19,9,https://www.accuweather.com/es/co/bogota/107487/november-weather/107487?year=2025
2025-11-21,20,8,https://www.accuweather.com/es/co/bogota/107487/november-weather/107487?year=2025
2025-11-22,21,9,https://www.accuweather.com/es/co/bogota/107487/november-weather/107487?year=2025
2025-11-23,21,10,https://www.accuweather.com/es/co/bogota/107487/november-weather/107487?year=2025
2025-11-24,19,12,https://www.accuweather.com/es/co/bogota/107487/november-weather/107487?year=2025
2025-11-25,20,12,https://www.accuweather.com/es/co/bogota/107487/november-weather/107487?year=2025
2025-11-26,19,11,https://www.accuweather.com/es/co/bogota/107487/november-weather/107487?year=2025
2025-11-27,20,10,https://www.accuweather.com/es/co/bogota/107487/november-weather/107487?year=2025
2025-11-28,18,10,https://www.accuweather.com/es/co/bogota/107487/november-weather/107487?year=2025
2025-11-29,20,8,https://www.accuweather.com/es/co/bogota/107487/november-weather/107487?year=2025
2025-11-30,19,9,https://www.accuweather.com/es/co/bogota/107487/november-weather/107487?year=2025
2025-12-01,18,11,https://www.accuweather.com/es/co/bogota/107487/december-weather/107487?year=2025
2025-12-02,19,10,https://www.accuweather.com/es/co/bogota/107487/december-weather/107487?year=2025
2025-12-03,19,11,https://www.accuweather.com/es/co/bogota/107487/december-weather/107487?year=2025
2025-12-04,19,9,https://www.accuweather.com/es/co/bogota/107487/december-weather/107487?year=2025
2025-12-05,18,10,https://www.accuweather.com/es/co/bogota/107487/december-weather/107487?year=2025
2025-12-06,20,9,https://www.accuweather.com/es/co/bogota/107487/december-weather/107487?year=2025
2025-12-07,19,9,https://www.accuweather.com/es/co/bogota/107487/december-weather/107487?year=2025
2025-12-08,20,7,https://www.accuweather.com/es/co/bogota/107487/december-weather/107487?year=2025
2025-12-09,19,7,https://www.accuweather.com/es/co/bogota/107487/december-weather/107487?year=2025
2025-12-10,18,9,https://www.accuweather.com/es/co/bogota/107487/december-weather/107487?year=2025
2025-12-11,20,9,https://www.accuweather.com/es/co/bogota/107487/december-weather/107487?year=2025
2025-12-12,20,9,https://www.accuweather.com/es/co/bogota/107487/december-weather/107487?year=2025
2025-12-13,21,5,https://www.accuweather.com/es/co/bogota/107487/december-weather/107487?year=2025
2025-12-14,22,4,https://www.accuweather.com/es/co/bogota/107487/december-weather/107487?year=2025
2025-12-15,21,5,https://www.accuweather.com/es/co/bogota/107487/december-weather/107487?year=2025
2025-12-16,20,10,https://www.accuweather.com/es/co/bogota/107487/december-weather/107487?year=2025
2025-12-17,20,9,https://www.accuweather.com/es/co/bogota/107487/december-weather/107487?year=2025
2025-12-18,20,10,https://www.accuweather.com/es/co/bogota/107487/december-weather/107487?year=2025
2025-12-19,21,9,https://www.accuweather.com/es/co/bogota/107487/december-weather/107487?year=2025
2025-12-20,19,9,https://www.accuweather.com/es/co/bogota/107487/december-weather/107487?year=2025
2025-12-21,21,10,https://www.accuweather.com/es/co/bogota/107487/december-weather/107487?year=2025
2025-12-22,19,10,https://www.accuweather.com/es/co/bogota/107487/december-weather/107487?year=2025
2025-12-23,20,11,https://www.accuweather.com/es/co/bogota/107487/december-weather/107487?year=2025
2025-12-24,20,12,https://www.accuweather.com/es/co/bogota/107487/december-weather/107487?year=2025
2025-12-25,20,9,https://www.accuweather.com/es/co/bogota/107487/december-weather/107487?year=2025
2025-12-26,19,6,https://www.accuweather.com/es/co/bogota/107487/december-weather/107487?year=2025
2025-12-27,20,8,https://www.accuweather.com/es/co/bogota/107487/december-weather/107487?year=2025
2025-12-28,20,6,https://www.accuweather.com/es/co/bogota/107487/december-weather/107487?year=2025
2025-12-29,20,5,https://www.accuweather.com/es/co/bogota/107487/december-weather/107487?year=2025
2025-12-30,18,10,https://www.accuweather.com/es/co/bogota/107487/december-weather/107487?year=2025
2025-12-31,19,9,https://www.accuweather.com/es/co/bogota/107487/december-weather/107487?year=2025
NA,18,8,https://www.accuweather.com/es/co/bogota/107487/february-weather/107487?year=2024
