presentacion,precio_texto,termino_busqueda,supermercado,precio,volumen_ml_base,es_pack_x6,volumen_parece_unitario,volumen_ml,precio_por_ml
Cerveza Michelob Ultra Botella 330 ml x6,$ 22.490,michelob,Jumbo,22490,330,TRUE,TRUE,1980,11.36
Cerveza MICHELOB ULTRA sixpack (1980 ml),$ 18.900,michelob,Éxito,18900,1980,TRUE,FALSE,1980,9.55
Cerveza MICHELOB ULTRA six pack (1614 ml),$ 16.500,michelob,Éxito,16500,1614,TRUE,FALSE,1614,10.22
Cerveza MICHELOB ULTRA internacional (269 ml),$ 2.930,michelob,Éxito,2930,269,FALSE,TRUE,269,10.89
Cerveza MICHELOB ULTRA botella (330 ml),$ 3.880,michelob,Éxito,3880,330,FALSE,TRUE,330,11.76
Cerveza MICHELOB ULTRA Ultra Nrb X6 (1260 ml),$ 16.500,michelob,Éxito,16500,1260,TRUE,FALSE,1260,13.1
Cerveza MICHELOB ULTRA Ultra Nrb Und (210 ml),$ 4.100,michelob,Éxito,4100,210,FALSE,TRUE,210,19.52
Cerveza MICHELOB ULTRA sixpack (1980 ml),$ 18.900,michelob,Carulla,18900,1980,TRUE,FALSE,1980,9.55
Cerveza MICHELOB ULTRA six pack (1614 ml),$ 16.700,michelob,Carulla,16700,1614,TRUE,FALSE,1614,10.35
Cerveza MICHELOB ULTRA internacional (269 ml),$ 3.000,michelob,Carulla,3000,269,FALSE,TRUE,269,11.15
Cerveza MICHELOB ULTRA botella (330 ml),$ 3.600,michelob,Carulla,3600,330,FALSE,TRUE,330,10.91
Cerveza Stella Artois Botella Sixpack x300ml c-u,$ 25.290,stella artois,Jumbo,25290,300,TRUE,TRUE,1800,14.05
Cerveza Stella Artois Sixpack Lata x269ml c-u,$ 22.800,stella artois,Jumbo,22800,269,TRUE,TRUE,1614,14.13
Cerveza Stella Artois botella x330ml,$ 5.100,stella artois,Jumbo,5100,330,FALSE,TRUE,330,15.45
Cerveza Stella Artois Lata x269ml,$ 3.700,stella artois,Jumbo,3700,269,FALSE,TRUE,269,13.75
Cerveza Stella Artois Botella x300ml,$ 4.500,stella artois,Jumbo,4500,300,FALSE,TRUE,300,15
Cerveza STELLA ARTOIS botella six pack (1800 ml),$ 25.800,stella artois,Éxito,25800,1800,TRUE,FALSE,1800,14.33
Cerveza STELLA ARTOIS lata (1614 ml),$ 20.450,stella artois,Éxito,20450,1614,FALSE,FALSE,1614,12.67
Cerveza STELLA ARTOIS botella x 24 unds (7.920 ml),$ 102.168,stella artois,Éxito,102168,920,FALSE,FALSE,920,111.05
Cerveza STELLA ARTOIS botella (300 ml),$ 4.150,stella artois,Éxito,4150,300,FALSE,TRUE,300,13.83
Cerveza STELLA ARTOIS lata (269 ml),$ 3.810,stella artois,Éxito,3810,269,FALSE,TRUE,269,14.16
Cerveza Belgica Sixpack STELLA ARTOIS 1980 ml,$ 30.300,stella artois,Éxito,30300,1980,TRUE,FALSE,1980,15.3
Cerveza STELLA ARTOIS botella (330 ml),$ 5.050,stella artois,Éxito,5050,330,FALSE,TRUE,330,15.3
Cerveza STELLA ARTOIS botella six pack (1800 ml),$ 25.800,stella artois,Carulla,25800,1800,TRUE,FALSE,1800,14.33
Cerveza STELLA ARTOIS lata (1614 ml),$ 22.800,stella artois,Carulla,22800,1614,FALSE,FALSE,1614,14.13
Cerveza STELLA ARTOIS lata (269 ml),$ 3.930,stella artois,Carulla,3930,269,FALSE,TRUE,269,14.61
Cerveza STELLA ARTOIS botella (300 ml),$ 4.400,stella artois,Carulla,4400,300,FALSE,TRUE,300,14.67
Cerveza STELLA ARTOIS botella (330 ml),$ 5.300,stella artois,Carulla,5300,330,FALSE,TRUE,330,16.06
Cerveza Club Colombia Dorada lata x6und x330ml c-u,$ 22.800,club colombia,Jumbo,22800,330,TRUE,TRUE,1980,11.52
Cerveza Club Colombia Roja lata x6und x330ml,$ 23.400,club colombia,Jumbo,23400,330,TRUE,TRUE,1980,11.82
Cerveza Club Colombia Trigo Lata 330ml x6 Und,$ 23.990,club colombia,Jumbo,23990,330,TRUE,TRUE,1980,12.12
Cerveza Club Colombia Dorada x6und x330ml c-u,$ 24.550,club colombia,Jumbo,24550,330,TRUE,TRUE,1980,12.4
Cerveza Club Colombia Lata 473 ml,$ 3.990,club colombia,Jumbo,3990,473,FALSE,FALSE,473,8.44
Cerveza Club Colombia Roja lata x330ml,$ 3.790,club colombia,Jumbo,3790,330,FALSE,TRUE,330,11.48
Cerveza Club Colombia Trigo Lata 330ml x1 Und,$ 3.690,club colombia,Jumbo,3690,330,FALSE,TRUE,330,11.18
Cerveza Club Colombia Dorada botella x330ml,$ 4.090,club colombia,Jumbo,4090,330,FALSE,TRUE,330,12.39
Cerveza Club Colombia Dorada lata x330ml,$ 3.790,club colombia,Jumbo,3790,330,FALSE,TRUE,330,11.48
Cerveza CLUB COLOMBIA lata dorada (1980 ml),$ 22.200,club colombia,Éxito,22200,1980,FALSE,FALSE,1980,11.21
Cerveza X 6 LATA ROJA CLUB COLOMBIA 1980 ml,$ 22.200,club colombia,Éxito,22200,1980,TRUE,FALSE,1980,11.21
Cerveza CLUB COLOMBIA trigo six pack (1980 ml),$ 23.400,club colombia,Éxito,23400,1980,TRUE,FALSE,1980,11.82
Cerveza DORADA CLUB COLOMBIA LATA x 24 unds (7.920 ml),$ 87.912,club colombia,Éxito,87912,920,FALSE,FALSE,920,95.56
Cerveza CLUB COLOMBIA latón dorada six pack (2838 ml),$ 30.300,club colombia,Éxito,30300,2838,TRUE,FALSE,2838,10.68
Cerveza CLUB COLOMBIA botella dorada six pack (1980 ml),$ 26.850,club colombia,Éxito,26850,1980,TRUE,FALSE,1980,13.56
Cerveza CLUB COLOMBIA lata dorada (330 ml),$ 3.800,club colombia,Éxito,3800,330,FALSE,TRUE,330,11.52
Cerveza CLUB COLOMBIA trigo (330 ml),$ 3.900,club colombia,Éxito,3900,330,FALSE,TRUE,330,11.82
Cerveza CLUB COLOMBIA lata roja (330 ml),$ 3.700,club colombia,Éxito,3700,330,FALSE,TRUE,330,11.21
Cerveza CLUB COLOMBIA botella dorada (330 ml),$ 4.480,club colombia,Éxito,4480,330,FALSE,TRUE,330,13.58
Cerveza CLUB COLOMBIA latón dorada (473 ml),$ 5.050,club colombia,Éxito,5050,473,FALSE,FALSE,473,10.68
Cerveza CLUB COLOMBIA lata dorada (1980 ml),$ 22.200,club colombia,Carulla,22200,1980,FALSE,FALSE,1980,11.21
Cerveza X 6 LATA ROJA CLUB COLOMBIA 1980 ml,$ 22.200,club colombia,Carulla,22200,1980,TRUE,FALSE,1980,11.21
Cerveza CLUB COLOMBIA trigo six pack (1980 ml),$ 23.400,club colombia,Carulla,23400,1980,TRUE,FALSE,1980,11.82
Cerveza CLUB COLOMBIA botella dorada six pack (1980 ml),$ 27.700,club colombia,Carulla,27700,1980,TRUE,FALSE,1980,13.99
Cerveza CLUB COLOMBIA lata negra (330 ml),$ 3.900,club colombia,Carulla,3900,330,FALSE,TRUE,330,11.82
Cerveza CLUB COLOMBIA trigo (330 ml),$ 3.900,club colombia,Carulla,3900,330,FALSE,TRUE,330,11.82
Cerveza CLUB COLOMBIA lata dorada (330 ml),$ 3.800,club colombia,Carulla,3800,330,FALSE,TRUE,330,11.52
Cerveza CLUB COLOMBIA latón dorada six pack (2838 ml),$ 31.900,club colombia,Carulla,31900,2838,TRUE,FALSE,2838,11.24
Cerveza CLUB COLOMBIA lata roja (330 ml),$ 3.700,club colombia,Carulla,3700,330,FALSE,TRUE,330,11.21
Cerveza CLUB COLOMBIA botella dorada (330 ml),$ 4.700,club colombia,Carulla,4700,330,FALSE,TRUE,330,14.24
Cerveza CLUB COLOMBIA latón dorada (473 ml),$ 5.400,club colombia,Carulla,5400,473,FALSE,FALSE,473,11.42
Cerveza CLUB COLOMBIA lata negra (1980 ml),$ 22.200,club colombia,Carulla,22200,1980,FALSE,FALSE,1980,11.21
