supermercado,marca_buscada,termino,url_busqueda,fecha_consulta,presentacion,precio,precio_ml_sitio,enlace
Éxito,Stella Artois,stella artois,https://www.exito.com/s?q=stella%20artois,2026-09-16 19:15:24,Cerveza STELLA ARTOIS botella six pack (1800 ml),18720,10.4,https://www.exito.com/cerveza-belgica-botella-x6-stella-artois-1800-ml-3155260/p
Éxito,Stella Artois,stella artois,https://www.exito.com/s?q=stella%20artois,2026-09-16 19:15:24,Cerveza STELLA ARTOIS lata (1614 ml),22800,14.13,https://www.exito.com/cerveza-belgica-lata-x6-stella-artois-1614-ml-3155263/p
Éxito,Stella Artois,stella artois,https://www.exito.com/s?q=stella%20artois,2026-09-16 19:15:24,Cerveza STELLA ARTOIS botella x 24 unds (7.920 ml),92664,NA,https://www.exito.com/cerveza-stella-artois-botella-x-24-unds--7-920-ml-/p
Éxito,Stella Artois,stella artois,https://www.exito.com/s?q=stella%20artois,2026-09-16 19:15:24,Cerveza STELLA ARTOIS botella (300 ml),4150,13.83,https://www.exito.com/cerveza-belgica-botella-stella-artois-300-ml-3155261/p
Éxito,Stella Artois,stella artois,https://www.exito.com/s?q=stella%20artois,2026-09-16 19:15:24,Cerveza STELLA ARTOIS lata (269 ml),3800,14.13,https://www.exito.com/cerveza-belgica-lata-stella-artois-269-ml-3155262/p
Éxito,Club Colombia,club colombia,https://www.exito.com/s?q=club%20colombia,2026-09-16 19:15:43,Cerveza CLUB COLOMBIA lata dorada (1980 ml),22200,11.21,https://www.exito.com/cerveza-x-6-lata-dorada-club-colombia-446650/p
Éxito,Club Colombia,club colombia,https://www.exito.com/s?q=club%20colombia,2026-09-16 19:15:43,Cerveza X 6 LATA ROJA CLUB COLOMBIA 1980 ml,18870,9.53,https://www.exito.com/cerveza-x-6-lata-roja-club-colombia-703079/p
Éxito,Club Colombia,club colombia,https://www.exito.com/s?q=club%20colombia,2026-09-16 19:15:43,Cerveza CLUB COLOMBIA trigo six pack (1980 ml),23400,11.82,https://www.exito.com/cerveza-club-colombia-cerveza-trigo-1980-ml-3188965/p
Éxito,Club Colombia,club colombia,https://www.exito.com/s?q=club%20colombia,2026-09-16 19:15:43,Cerveza DORADA CLUB COLOMBIA LATA x 24 unds (7.920 ml),87912,NA,https://www.exito.com/cerveza--dorada-club-colombia-lata-x-24-unds--7-920-ml-/p
Éxito,Club Colombia,club colombia,https://www.exito.com/s?q=club%20colombia,2026-09-16 19:15:43,Cerveza CLUB COLOMBIA botella dorada six pack (1980 ml),26850,13.56,https://www.exito.com/cerveza-dorada-sixpack-en-botellla-x-330-ml-cu-713927/p
Éxito,Club Colombia,club colombia,https://www.exito.com/s?q=club%20colombia,2026-09-16 19:15:43,Cerveza CLUB COLOMBIA latón dorada six pack (2838 ml),30300,10.68,https://www.exito.com/cerveza-club-colombia-laton-cerveza-2838-ml-3176316/p
Éxito,Club Colombia,club colombia,https://www.exito.com/s?q=club%20colombia,2026-09-16 19:15:43,Cerveza CLUB COLOMBIA lata dorada (330 ml),3800,11.52,https://www.exito.com/cerveza-lata-dorada-446651/p
Éxito,Club Colombia,club colombia,https://www.exito.com/s?q=club%20colombia,2026-09-16 19:15:43,Cerveza CLUB COLOMBIA trigo (330 ml),3900,11.82,https://www.exito.com/cerveza-club-colombia-cerveza-trigo-330-ml-3188964/p
Éxito,Club Colombia,club colombia,https://www.exito.com/s?q=club%20colombia,2026-09-16 19:15:43,Combo Mundial 2 Cerveza CLUB COLOMBIA lata dorada (1980 + Pasabocas DETODITO de BBQ (165 gr) + Maní LA ESPECIAL con sal (180 gr),37947,NA,https://www.exito.com/combomundialista2/p
Éxito,Club Colombia,club colombia,https://www.exito.com/s?q=club%20colombia,2026-09-16 19:15:43,Cerveza CLUB COLOMBIA lata roja (330 ml),3700,11.21,https://www.exito.com/cerveza-lata-roja-702071/p
Éxito,Club Colombia,club colombia,https://www.exito.com/s?q=club%20colombia,2026-09-16 19:15:43,Cerveza CLUB COLOMBIA botella dorada (330 ml),4480,13.58,https://www.exito.com/cerveza-dorada-en-botella-x-330-ml-713925/p
Éxito,Club Colombia,club colombia,https://www.exito.com/s?q=club%20colombia,2026-09-16 19:15:43,Cerveza CLUB COLOMBIA latón dorada (473 ml),5050,10.68,https://www.exito.com/cerveza-club-colombia-laton-cerveza-473-ml-3176315/p
Éxito,Club Colombia,club colombia,https://www.exito.com/s?q=club%20colombia,2026-09-16 19:15:43,Clob X Clobetasol Propionato .05% (P/V)/0 Cha Topica Caj 1 Fra 125 Ml,161373,NA,https://www.exito.com/clob-x-clobetasol-propionato-05-p-v-cha-topica-caj-1-fra-125-ml-100685280-mp/p
Éxito,Club Colombia,club colombia,https://www.exito.com/s?q=club%20colombia,2026-09-16 19:15:43,Buchanan's Deluxe 750 ml + Gratis Six Pack Club Colombia Dorada Lata 330 ml,200178,NA,https://www.exito.com/buchanan-s-deluxe-750-ml---gratis-six-pack-club-colombia-dorada-lata-330-ml/p
Éxito,Club Colombia,club colombia,https://www.exito.com/s?q=club%20colombia,2026-09-16 19:15:43,Piñatas Clubes De Futbol De Colombia + Kit De Fiesta GENERICO,54900,NA,https://www.exito.com/pinatas-clubes-de-futbol-de-colombia-104867926-mp/p
Carulla,Michelob,michelob,https://www.carulla.com/s?q=michelob,2026-09-16 19:16:05,Cerveza MICHELOB ULTRA sixpack (1980 ml),18900,9.55,https://www.carulla.com/cerveza-ultra-nrb-330-x6-michelob-ultra-cerveza-ultra-nrb-330-x6-198-ml-3243361/p
Carulla,Michelob,michelob,https://www.carulla.com/s?q=michelob,2026-09-16 19:16:05,Cerveza MICHELOB ULTRA six pack (1614 ml),16700,10.35,https://www.carulla.com/cerveza-michelob-ultra-internacional-1614-ml-3189430/p
Carulla,Michelob,michelob,https://www.carulla.com/s?q=michelob,2026-09-16 19:16:05,Cerveza MICHELOB ULTRA internacional (269 ml),3000,11.15,https://www.carulla.com/cerveza-michelob-ultra-internacional-269-ml-3189429/p
Carulla,Michelob,michelob,https://www.carulla.com/s?q=michelob,2026-09-16 19:16:05,Cerveza MICHELOB ULTRA botella (330 ml),3600,10.91,https://www.carulla.com/cerveza-ultra-nrb-michelob-ultra-cerveza-ultra-nrb-330-ml-3243360/p
Carulla,Michelob,michelob,https://www.carulla.com/s?q=michelob,2026-09-16 19:16:05,Llanta Michelin Agilis 3 215/65R16c 8 106/104T MICHELIN,758900,NA,https://www.carulla.com/llanta-michelin-agilis-3-21565r16c-8-106104t-104859923-mp/p
Carulla,Michelob,michelob,https://www.carulla.com/s?q=michelob,2026-09-16 19:16:05,Llanta Michelin Pilot Sport Cup 2R Connect K1(Ferrari) 245/35Zr20 Xl 95Y MICHELIN,1344900,NA,https://www.carulla.com/llanta-michelin-pilot-sport-cup-2r-connect-k1ferrari-24535zr20-xl-95y-104859893-mp/p
Carulla,Michelob,michelob,https://www.carulla.com/s?q=michelob,2026-09-16 19:16:05,"Llanta Michelin Pilot Sport 4 Suv Jlr, Jaguar, Land Rover 235/50R20 Xl 104Xl, Vol, MICHELIN",1122900,NA,https://www.carulla.com/llanta-michelin-pilot-sport-4-suv-jlr-jaguar-land-rover-23550r20-xl-104xl-vol-104859782-mp/p
Carulla,Michelob,michelob,https://www.carulla.com/s?q=michelob,2026-09-16 19:16:05,Llanta Michelin Primacy 4 195/65R15 Sl 91H MICHELIN,502900,NA,https://www.carulla.com/llanta-michelin-primacy-4-19565r15-sl-91h-104859638-mp/p
Carulla,Michelob,michelob,https://www.carulla.com/s?q=michelob,2026-09-16 19:16:05,Llanta Michelin Pilot Sport 5 225/45Zr19 Xl 96Y MICHELIN,1018900,NA,https://www.carulla.com/llanta-michelin-pilot-sport-5-22545zr19-xl-96y-104859475-mp/p
Carulla,Michelob,michelob,https://www.carulla.com/s?q=michelob,2026-09-16 19:16:05,Llanta Michelin Pilot Sport 5 265/35Zr18 Xl 97Y MICHELIN,1011900,NA,https://www.carulla.com/llanta-michelin-pilot-sport-5-26535zr18-xl-97y-104859402-mp/p
Carulla,Michelob,michelob,https://www.carulla.com/s?q=michelob,2026-09-16 19:16:05,"Llanta Michelin Pilot Sport 4S N0,(Porsche) 305/30Zr20 Xl,N0(Porsche) 103Y MICHELIN",1895900,NA,https://www.carulla.com/llanta-michelin-pilot-sport-4s-n0porsche-30530zr20-xln0porsche-103y-104859365-mp/p
Carulla,Stella Artois,stella artois,https://www.carulla.com/s?q=stella%20artois,2026-09-16 19:16:25,Cerveza STELLA ARTOIS botella six pack (1800 ml),20640,11.47,https://www.carulla.com/cerveza-belgica-botella-x6-stella-artois-1800-ml-3155260/p
Carulla,Stella Artois,stella artois,https://www.carulla.com/s?q=stella%20artois,2026-09-16 19:16:25,Cerveza STELLA ARTOIS lata (1614 ml),22800,14.13,https://www.carulla.com/cerveza-belgica-lata-x6-stella-artois-1614-ml-3155263/p
Carulla,Stella Artois,stella artois,https://www.carulla.com/s?q=stella%20artois,2026-09-16 19:16:25,Cerveza STELLA ARTOIS lata (269 ml),3800,14.13,https://www.carulla.com/cerveza-belgica-lata-stella-artois-269-ml-3155262/p
Carulla,Stella Artois,stella artois,https://www.carulla.com/s?q=stella%20artois,2026-09-16 19:16:25,Cerveza STELLA ARTOIS botella (300 ml),4400,14.67,https://www.carulla.com/cerveza-belgica-botella-stella-artois-300-ml-3155261/p
Carulla,Stella Artois,stella artois,https://www.carulla.com/s?q=stella%20artois,2026-09-16 19:16:25,Cerveza STELLA ARTOIS botella (330 ml),5300,16.06,https://www.carulla.com/cerveza-belgica-botella-stella-artois-330-ml-3026045/p
Carulla,Club Colombia,club colombia,https://www.carulla.com/s?q=club%20colombia,2026-09-16 19:16:44,Cerveza CLUB COLOMBIA lata dorada (1980 ml),22200,11.21,https://www.carulla.com/cerveza-x-6-lata-dorada-club-colombia-446650/p
Carulla,Club Colombia,club colombia,https://www.carulla.com/s?q=club%20colombia,2026-09-16 19:16:44,Cerveza X 6 LATA ROJA CLUB COLOMBIA 1980 ml,18870,9.53,https://www.carulla.com/cerveza-x-6-lata-roja-club-colombia-703079/p
Carulla,Club Colombia,club colombia,https://www.carulla.com/s?q=club%20colombia,2026-09-16 19:16:44,Cerveza CLUB COLOMBIA trigo six pack (1980 ml),23400,11.82,https://www.carulla.com/cerveza-club-colombia-cerveza-trigo-1980-ml-3188965/p
Carulla,Club Colombia,club colombia,https://www.carulla.com/s?q=club%20colombia,2026-09-16 19:16:44,Cerveza CLUB COLOMBIA botella dorada six pack (1980 ml),27700,13.99,https://www.carulla.com/cerveza-dorada-sixpack-en-botellla-x-330-ml-cu-713927/p
Carulla,Club Colombia,club colombia,https://www.carulla.com/s?q=club%20colombia,2026-09-16 19:16:44,Cerveza CLUB COLOMBIA trigo (330 ml),3900,11.82,https://www.carulla.com/cerveza-club-colombia-cerveza-trigo-330-ml-3188964/p
Carulla,Club Colombia,club colombia,https://www.carulla.com/s?q=club%20colombia,2026-09-16 19:16:44,Cerveza CLUB COLOMBIA lata dorada (330 ml),3800,11.52,https://www.carulla.com/cerveza-lata-dorada-446651/p
Carulla,Club Colombia,club colombia,https://www.carulla.com/s?q=club%20colombia,2026-09-16 19:16:44,Cerveza CLUB COLOMBIA lata negra (330 ml),3900,11.82,https://www.carulla.com/cerveza-negra-lata-x-330-ml-34986/p
Carulla,Club Colombia,club colombia,https://www.carulla.com/s?q=club%20colombia,2026-09-16 19:16:44,Cerveza CLUB COLOMBIA latón dorada six pack (2838 ml),31900,11.24,https://www.carulla.com/cerveza-club-colombia-laton-cerveza-2838-ml-3176316/p
Carulla,Club Colombia,club colombia,https://www.carulla.com/s?q=club%20colombia,2026-09-16 19:16:44,Cerveza CLUB COLOMBIA botella dorada (330 ml),4700,14.24,https://www.carulla.com/cerveza-dorada-en-botella-x-330-ml-713925/p
Carulla,Club Colombia,club colombia,https://www.carulla.com/s?q=club%20colombia,2026-09-16 19:16:44,Cerveza CLUB COLOMBIA lata roja (330 ml),3700,11.21,https://www.carulla.com/cerveza-lata-roja-702071/p
Carulla,Club Colombia,club colombia,https://www.carulla.com/s?q=club%20colombia,2026-09-16 19:16:44,Cerveza CLUB COLOMBIA latón dorada (473 ml),5400,11.42,https://www.carulla.com/cerveza-club-colombia-laton-cerveza-473-ml-3176315/p
Carulla,Club Colombia,club colombia,https://www.carulla.com/s?q=club%20colombia,2026-09-16 19:16:44,Cerveza CLUB COLOMBIA lata negra (1980 ml),22200,11.21,https://www.carulla.com/cerveza-x6-lata-negra-276293/p
Carulla,Club Colombia,club colombia,https://www.carulla.com/s?q=club%20colombia,2026-09-16 19:16:44,Clob X Clobetasol Propionato .05% (P/V)/0 Cha Topica Caj 1 Fra 125 Ml,161373,NA,https://www.carulla.com/clob-x-clobetasol-propionato-05-p-v-cha-topica-caj-1-fra-125-ml-100685280-mp/p
Jumbo,Stella Artois,stella artois,https://www.tiendasjumbo.co/stella%20artois?_q=stella%20artois&map=ft,2026-09-16 19:17:30,Cerveza Stella Artois Botella Sixpack x300ml c-u,25290,NA,https://www.tiendasjumbo.co/cerveza-stella-artois-botella-sixpack-x300ml-c-u/p
Jumbo,Stella Artois,stella artois,https://www.tiendasjumbo.co/stella%20artois?_q=stella%20artois&map=ft,2026-09-16 19:17:30,Cerveza Stella Artois Sixpack Lata x269ml c-u,24590,NA,https://www.tiendasjumbo.co/cerveza-stella-artois-sixpack-lata-x269ml-c-u/p
Jumbo,Stella Artois,stella artois,https://www.tiendasjumbo.co/stella%20artois?_q=stella%20artois&map=ft,2026-09-16 19:17:30,Cerveza Stella Artois Botella x300ml,4500,NA,https://www.tiendasjumbo.co/cerveza-stella-artois-botella-x300ml/p
Jumbo,Stella Artois,stella artois,https://www.tiendasjumbo.co/stella%20artois?_q=stella%20artois&map=ft,2026-09-16 19:17:30,Cerveza Stella Artois botella x330ml,5100,NA,https://www.tiendasjumbo.co/cerveza-stella-artois-bot-x330ml-3453901/p
Jumbo,Stella Artois,stella artois,https://www.tiendasjumbo.co/stella%20artois?_q=stella%20artois&map=ft,2026-09-16 19:17:30,Cerveza Stella Artois Lata x269ml,4090,NA,https://www.tiendasjumbo.co/cerveza-stella-artois-lata-x269ml/p
Jumbo,Club Colombia,club colombia,https://www.tiendasjumbo.co/club%20colombia?_q=club%20colombia&map=ft,2026-09-16 19:17:54,Cerveza Club Colombia Dorada lata x6und x330ml c-u,22800,NA,https://www.tiendasjumbo.co/cerveza-club-colombia-dorada-lata-x-330ml-sixpack/p
Jumbo,Club Colombia,club colombia,https://www.tiendasjumbo.co/club%20colombia?_q=club%20colombia&map=ft,2026-09-16 19:17:54,Cerveza Club Colombia Trigo Lata 330ml x6 Und,23990,NA,https://www.tiendasjumbo.co/cerveza-club-colombia-trigo-lata-330ml-x6-und/p
Jumbo,Club Colombia,club colombia,https://www.tiendasjumbo.co/club%20colombia?_q=club%20colombia&map=ft,2026-09-16 19:17:54,Cerveza Club Colombia Roja lata x6und x330ml,22800,NA,https://www.tiendasjumbo.co/cerveza-club-colombia-roja-lata-sixpack-x-330-ml/p
Jumbo,Club Colombia,club colombia,https://www.tiendasjumbo.co/club%20colombia?_q=club%20colombia&map=ft,2026-09-16 19:17:54,Cerveza Club Colombia Lata 6 Unidades 473 C-U,29400,NA,https://www.tiendasjumbo.co/cerveza-club-colombia-lata-6-unidades-473/p
Jumbo,Club Colombia,club colombia,https://www.tiendasjumbo.co/club%20colombia?_q=club%20colombia&map=ft,2026-09-16 19:17:54,Cerveza Club Colombia Dorada x6und x330ml c-u,24550,NA,https://www.tiendasjumbo.co/cerveza-club-colombia-sixpack-botella-x-330-ml/p
Jumbo,Club Colombia,club colombia,https://www.tiendasjumbo.co/club%20colombia?_q=club%20colombia&map=ft,2026-09-16 19:17:54,Cerveza Club Colombia Trigo Lata 330ml x1 Und,3690,NA,https://www.tiendasjumbo.co/cerveza-club-colombia-trigo-lata-330ml-x1-und/p
Jumbo,Club Colombia,club colombia,https://www.tiendasjumbo.co/club%20colombia?_q=club%20colombia&map=ft,2026-09-16 19:17:54,Cerveza Club Colombia Roja lata x330ml,3790,NA,https://www.tiendasjumbo.co/cerveza-roja-club-colombia-lata-x-330-ml/p
Jumbo,Club Colombia,club colombia,https://www.tiendasjumbo.co/club%20colombia?_q=club%20colombia&map=ft,2026-09-16 19:17:54,Cerveza Club Colombia Dorada lata x330ml,3790,NA,https://www.tiendasjumbo.co/cerveza-club-colombia-lata-x-330ml/p
Jumbo,Club Colombia,club colombia,https://www.tiendasjumbo.co/club%20colombia?_q=club%20colombia&map=ft,2026-09-16 19:17:54,Cerveza Club Colombia Dorada botella x330ml,4090,NA,https://www.tiendasjumbo.co/cerveza-club-colombia-botella-x-330-ml/p
Jumbo,Club Colombia,club colombia,https://www.tiendasjumbo.co/club%20colombia?_q=club%20colombia&map=ft,2026-09-16 19:17:54,Cerveza Club Colombia Lata 473 ml,4290,NA,https://www.tiendasjumbo.co/cerveza-club-colombia-lata-473-ml/p
